Date,Order_ID,Product,Category,Region,Sales_Channel,Units_Sold,Unit_Price_MAD,Unit_Cost_MAD,Promotion,Revenue_MAD,Cost_MAD,Profit_MAD
2025-02-02 00:00:00,ORD-10000,Canned Peas 400g,Canned Goods,Casablanca,Online,96,11.78,7.23,Yes,1130.88,694.1,436.76
2025-07-07 00:00:00,ORD-10001,Olive Oil 500ml,Oils,Casablanca,Retail,116,48.21,33.18,No,5592.36,3848.95,1743.82
2025-06-14 00:00:00,ORD-10002,Couscous 1kg,Grains,Marrakech,Supermarket,126,24.5,14.98,No,3087,1886.9,1199.53
2025-01-25 00:00:00,ORD-10003,Apple Juice 1L,Beverages,Agadir,Wholesale,144,16.38,9.82,No,2358.72,1414.57,944.08
2025-09-29 00:00:00,ORD-10004,Canned Tomatoes 400g,Canned Goods,Fes,Online,54,8.98,4.93,No,484.92,265.99,218.82
2025-06-18 00:00:00,ORD-10005,Olive Oil 500ml,Oils,Casablanca,Supermarket,120,48.25,33.86,No,5790,4063.04,1727.06
2025-02-05 00:00:00,ORD-10006,Pasta 500g,Grains,Fes,Wholesale,176,13.19,7.85,No,2321.44,1381.5,939.9
2025-10-31 00:00:00,ORD-10007,Olive Oil 500ml,Oils,Rabat,Wholesale,168,48.06,33.22,No,8074.08,5581.22,2492.11
2025-07-04 00:00:00,ORD-10008,UHT Milk 1L,Dairy,Rabat,Supermarket,70,11.06,7.22,No,774.2,505.29,268.73
2025-07-29 00:00:00,ORD-10009,Canned Tomatoes 400g,Canned Goods,Marrakech,Retail,117,8.17,5.01,Yes,955.89,586.57,369.82
2025-12-29 00:00:00,ORD-10010,Orange Juice 1L,Beverages,Casablanca,Supermarket,102,18.23,11.16,No,1859.46,1138.34,721.44
2025-07-04 00:00:00,ORD-10011,Canned Peas 400g,Canned Goods,Marrakech,Retail,107,10.45,7.19,Yes,1118.15,769.81,348.33
2025-09-12 00:00:00,ORD-10012,Milk Powder 500g,Dairy,Rabat,Retail,97,37.84,26.01,No,3670.48,2523.21,1146.91
2025-03-29 00:00:00,ORD-10013,Pasta 500g,Grains,Marrakech,Retail,60,12.87,8.21,Yes,772.2,492.47,279.56
2025-06-16 00:00:00,ORD-10014,Couscous 1kg,Grains,Agadir,Wholesale,207,23.56,14.67,No,4876.92,3035.79,1841.69
2025-06-13 00:00:00,ORD-10015,Apple Juice 1L,Beverages,Casablanca,Supermarket,113,16.56,10.39,No,1871.28,1173.54,697.79
2025-01-08 00:00:00,ORD-10016,Canned Peas 400g,Canned Goods,Fes,Retail,95,12.14,6.84,No,1153.3,649.54,504.12
2025-10-04 00:00:00,ORD-10017,Milk Powder 500g,Dairy,Rabat,Retail,104,34.41,25.57,Yes,3578.64,2659.78,919.09
2025-04-20 00:00:00,ORD-10018,Apple Juice 1L,Beverages,Marrakech,Supermarket,126,16.37,10.33,Yes,2062.62,1301.1,761.68
2025-01-24 00:00:00,ORD-10019,Olive Oil 1L,Oils,Casablanca,Retail,106,81.83,57.5,No,8673.98,6094.87,2578.7
2025-12-15 00:00:00,ORD-10020,Pasta 500g,Grains,Marrakech,Retail,85,13.41,7.85,No,1139.85,667.23,472.79
2025-04-21 00:00:00,ORD-10021,UHT Milk 1L,Dairy,Rabat,Wholesale,176,11.24,6.85,No,1978.24,1205.66,771.95
2025-08-13 00:00:00,ORD-10022,Apple Juice 1L,Beverages,Casablanca,Supermarket,70,17.45,10.35,No,1221.5,724.26,497.13
2025-12-18 00:00:00,ORD-10023,Pasta 500g,Grains,Agadir,Supermarket,85,12.24,7.79,Yes,1040.4,662.04,378.44
2025-04-20 00:00:00,ORD-10024,Milk Powder 500g,Dairy,Agadir,Online,116,39.2,26.3,No,4547.2,3050.71,1496.03
2025-06-21 00:00:00,ORD-10025,Pasta 500g,Grains,Fes,Wholesale,226,12.14,8.36,Yes,2743.64,1889.26,854.32
2025-12-12 00:00:00,ORD-10026,Couscous 1kg,Grains,Rabat,Wholesale,142,23.04,14.79,Yes,3271.68,2099.57,1172.27
2025-04-13 00:00:00,ORD-10027,Pasta 500g,Grains,Fes,Online,79,11.42,7.84,Yes,902.18,619.7,282.25
2025-01-07 00:00:00,ORD-10028,Canned Tomatoes 400g,Canned Goods,Rabat,Retail,71,8.78,5.17,No,623.38,367.19,256.47
2025-01-10 00:00:00,ORD-10029,Canned Peas 400g,Canned Goods,Fes,Supermarket,81,11.99,7.16,No,971.19,580.06,391.05
2025-04-25 00:00:00,ORD-10030,Apple Juice 1L,Beverages,Casablanca,Online,74,17.18,9.78,No,1271.32,724.07,547.41
2025-09-22 00:00:00,ORD-10031,Olive Oil 500ml,Oils,Casablanca,Online,99,48.14,33.24,No,4765.86,3291.14,1475.15
2025-08-20 00:00:00,ORD-10032,Canned Peas 400g,Canned Goods,Rabat,Supermarket,70,11.74,7.09,No,821.8,496.11,325.93
2025-10-07 00:00:00,ORD-10033,Canned Tomatoes 400g,Canned Goods,Agadir,Retail,70,8.95,5.11,No,626.5,357.75,268.51
2025-12-18 00:00:00,ORD-10034,Orange Juice 1L,Beverages,Casablanca,Supermarket,55,18.46,10.76,No,1015.3,591.95,423.13
2025-11-18 00:00:00,ORD-10035,Olive Oil 1L,Oils,Marrakech,Supermarket,128,79.66,60.53,No,10196.48,7748.26,2448.7
2025-08-07 00:00:00,ORD-10036,Olive Oil 500ml,Oils,Casablanca,Supermarket,53,41.27,32.15,Yes,2187.31,1704,483.33
2025-06-06 00:00:00,ORD-10037,UHT Milk 1L,Dairy,Fes,Retail,111,11.33,7.27,No,1257.63,806.6,451.03
2025-07-15 00:00:00,ORD-10038,Olive Oil 1L,Oils,Rabat,Supermarket,153,81.45,56.49,No,12461.85,8642.75,3819.21
2025-01-03 00:00:00,ORD-10039,Pasta 500g,Grains,Marrakech,Supermarket,128,12.18,8.3,Yes,1559.04,1062.39,496.35
2025-10-20 00:00:00,ORD-10040,Apple Juice 1L,Beverages,Agadir,Wholesale,153,17.38,9.81,No,2659.14,1500.57,1158.48
2025-10-29 00:00:00,ORD-10041,UHT Milk 1L,Dairy,Marrakech,Online,15,11.12,6.94,No,166.8,104.09,62.75
2025-01-23 00:00:00,ORD-10042,Olive Oil 500ml,Oils,Casablanca,Retail,143,46.5,32.87,No,6649.5,4701.07,1948.1
2025-06-08 00:00:00,ORD-10043,Pasta 500g,Grains,Fes,Supermarket,139,12.98,7.97,No,1804.22,1107.85,696.39
2025-06-18 00:00:00,ORD-10044,UHT Milk 1L,Dairy,Fes,Wholesale,212,11.12,6.95,No,2357.44,1473.69,883.11
2025-03-06 00:00:00,ORD-10045,Canned Peas 400g,Canned Goods,Casablanca,Wholesale,166,11.61,7.2,No,1927.26,1194.6,732.87
2025-07-31 00:00:00,ORD-10046,Olive Oil 1L,Oils,Agadir,Supermarket,62,82.61,59.89,No,5121.82,3713.27,1408.84
2025-12-30 00:00:00,ORD-10047,Canned Peas 400g,Canned Goods,Agadir,Supermarket,57,11.02,7.11,Yes,628.14,405.06,223.35
2025-01-03 00:00:00,ORD-10048,UHT Milk 1L,Dairy,Casablanca,Retail,97,10.99,7.13,No,1066.03,691.2,375.13
2025-02-20 00:00:00,ORD-10049,Apple Juice 1L,Beverages,Rabat,Supermarket,144,16.89,10.32,No,2432.16,1486,946.06
2025-03-18 00:00:00,ORD-10050,Canned Tomatoes 400g,Canned Goods,Casablanca,Online,84,8.18,4.91,Yes,687.12,412.7,274.42
2025-12-17 00:00:00,ORD-10051,Olive Oil 500ml,Oils,Agadir,Retail,86,47.2,34.48,No,4059.2,2965.4,1093.73
2025-05-12 00:00:00,ORD-10052,Canned Peas 400g,Canned Goods,Casablanca,Retail,145,12.43,6.86,No,1802.35,994.17,808.64
2025-04-09 00:00:00,ORD-10053,Orange Juice 1L,Beverages,Marrakech,Supermarket,156,17.3,11.07,No,2698.8,1726.89,971.55
2025-09-21 00:00:00,ORD-10054,Orange Juice 1L,Beverages,Casablanca,Retail,65,18.6,11.36,No,1209,738.24,470.93
2025-07-18 00:00:00,ORD-10055,Olive Oil 500ml,Oils,Agadir,Online,60,45.52,34.65,No,2731.2,2078.86,652.35
2025-01-09 00:00:00,ORD-10056,Canned Tomatoes 400g,Canned Goods,Marrakech,Supermarket,101,8.01,5.16,Yes,809.01,521.23,287.54
2025-10-23 00:00:00,ORD-10057,Olive Oil 500ml,Oils,Agadir,Wholesale,130,42.43,34.13,Yes,5515.9,4436.37,1079.56
2025-12-18 00:00:00,ORD-10058,Couscous 1kg,Grains,Fes,Supermarket,109,24.52,15.39,No,2672.68,1677.26,995.68
2025-10-27 00:00:00,ORD-10059,Orange Juice 1L,Beverages,Rabat,Supermarket,116,18.51,10.81,No,2147.16,1253.56,893.09
2025-10-24 00:00:00,ORD-10060,Canned Peas 400g,Canned Goods,Rabat,Supermarket,103,12.11,6.82,No,1247.33,702.51,544.52
2025-01-26 00:00:00,ORD-10061,Canned Tomatoes 400g,Canned Goods,Rabat,Online,32,7.93,5.24,Yes,253.76,167.74,86.06
2025-08-05 00:00:00,ORD-10062,Milk Powder 500g,Dairy,Fes,Retail,97,36.13,26.42,Yes,3504.61,2562.96,941.83
2025-07-16 00:00:00,ORD-10063,Canned Tomatoes 400g,Canned Goods,Marrakech,Online,78,8.93,5.04,No,696.54,393.09,303.52
2025-02-17 00:00:00,ORD-10064,Olive Oil 500ml,Oils,Rabat,Supermarket,132,47.42,33.69,No,6259.44,4446.48,1812.61
2025-12-21 00:00:00,ORD-10065,Milk Powder 500g,Dairy,Casablanca,Supermarket,34,36.59,26.09,No,1244.06,887.07,356.98
2025-06-24 00:00:00,ORD-10066,Milk Powder 500g,Dairy,Casablanca,Retail,111,38.45,26.58,No,4267.95,2950.05,1317.87
2025-08-14 00:00:00,ORD-10067,Pasta 500g,Grains,Fes,Retail,59,12.86,8.09,No,758.74,477.2,281.25
2025-10-23 00:00:00,ORD-10068,Canned Peas 400g,Canned Goods,Agadir,Online,61,12.29,6.97,No,749.69,424.93,324.63
2025-07-09 00:00:00,ORD-10069,Orange Juice 1L,Beverages,Casablanca,Supermarket,113,17.36,10.92,No,1961.68,1233.61,728.07
2025-07-26 00:00:00,ORD-10070,Pasta 500g,Grains,Rabat,Supermarket,43,12.69,8,Yes,545.67,343.92,201.82
2025-09-16 00:00:00,ORD-10071,Olive Oil 500ml,Oils,Marrakech,Supermarket,10,48.86,34.05,No,488.6,340.48,148.15
2025-06-04 00:00:00,ORD-10072,Pasta 500g,Grains,Fes,Wholesale,154,12.49,7.89,No,1923.46,1215.64,707.99
2025-10-04 00:00:00,ORD-10073,UHT Milk 1L,Dairy,Rabat,Supermarket,105,11.05,7.26,No,1160.25,762.29,397.88
2025-10-20 00:00:00,ORD-10074,Apple Juice 1L,Beverages,Rabat,Retail,72,16.06,10.08,Yes,1156.32,725.43,431.18
2025-12-02 00:00:00,ORD-10075,Olive Oil 500ml,Oils,Rabat,Online,75,42.96,33.56,Yes,3222,2516.87,704.81
2025-09-21 00:00:00,ORD-10076,Milk Powder 500g,Dairy,Rabat,Supermarket,64,38.45,26.61,No,2460.8,1703.3,757.72
2025-10-17 00:00:00,ORD-10077,Canned Peas 400g,Canned Goods,Rabat,Retail,101,12.33,7.06,No,1245.33,713.08,532.32
2025-07-13 00:00:00,ORD-10078,Canned Peas 400g,Canned Goods,Agadir,Retail,86,12.34,6.98,No,1061.24,600.34,460.58
2025-08-01 00:00:00,ORD-10079,Milk Powder 500g,Dairy,Marrakech,Supermarket,87,38.4,25.59,No,3340.8,2226.26,1114.34
2025-01-04 00:00:00,ORD-10080,Pasta 500g,Grains,Rabat,Supermarket,76,12.8,8.14,No,972.8,618.87,353.92
2025-07-26 00:00:00,ORD-10081,Olive Oil 1L,Oils,Casablanca,Wholesale,170,82.79,58.48,No,14074.3,9940.86,4133.37
2025-12-26 00:00:00,ORD-10082,Canned Peas 400g,Canned Goods,Agadir,Wholesale,98,12.35,6.85,No,1210.3,671.68,538.83
2025-07-05 00:00:00,ORD-10083,Canned Peas 400g,Canned Goods,Casablanca,Retail,101,12.47,6.95,No,1259.47,702.09,556.89
2025-10-27 00:00:00,ORD-10084,Canned Peas 400g,Canned Goods,Fes,Supermarket,42,11.4,7.34,Yes,478.8,308.36,170.44
2025-11-10 00:00:00,ORD-10085,Milk Powder 500g,Dairy,Agadir,Retail,70,36.19,27.14,Yes,2533.3,1900.04,633.16
2025-06-12 00:00:00,ORD-10086,Orange Juice 1L,Beverages,Rabat,Retail,116,17.21,11.35,Yes,1996.36,1316.7,679.46
2025-01-03 00:00:00,ORD-10087,Orange Juice 1L,Beverages,Fes,Wholesale,171,17.29,10.67,Yes,2956.59,1825.25,1131.99
2025-12-14 00:00:00,ORD-10088,UHT Milk 1L,Dairy,Marrakech,Supermarket,75,11.15,6.92,No,836.25,519.23,317.09
2025-06-01 00:00:00,ORD-10089,Orange Juice 1L,Beverages,Casablanca,Online,66,17.85,10.91,No,1178.1,720.18,458.02
2025-07-20 00:00:00,ORD-10090,Orange Juice 1L,Beverages,Rabat,Supermarket,109,18.44,11.55,No,2009.96,1258.83,751.43
2025-08-21 00:00:00,ORD-10091,Couscous 1kg,Grains,Casablanca,Supermarket,105,24.39,15.26,No,2560.95,1602.75,957.75
2025-01-23 00:00:00,ORD-10092,Pasta 500g,Grains,Agadir,Retail,90,12.55,7.89,No,1129.5,710.03,419.45
2025-07-22 00:00:00,ORD-10093,Olive Oil 1L,Oils,Casablanca,Retail,128,85.01,59.75,No,10881.28,7647.89,3233.7
2025-07-03 00:00:00,ORD-10094,UHT Milk 1L,Dairy,Casablanca,Online,35,11.36,7.09,No,397.6,248.03,149.57
2025-12-26 00:00:00,ORD-10095,Canned Peas 400g,Canned Goods,Marrakech,Wholesale,119,10.76,7.28,Yes,1280.44,866.27,413.8
2025-01-01 00:00:00,ORD-10096,Couscous 1kg,Grains,Marrakech,Wholesale,153,23.95,15.74,No,3664.35,2408.78,1256.25
2025-08-03 00:00:00,ORD-10097,Canned Tomatoes 400g,Canned Goods,Fes,Online,57,8.2,5.11,Yes,467.4,291.34,175.81
2025-04-27 00:00:00,ORD-10098,Apple Juice 1L,Beverages,Marrakech,Retail,136,16.46,9.73,No,2238.56,1323.67,914.9
2025-01-19 00:00:00,ORD-10099,Couscous 1kg,Grains,Rabat,Retail,89,23.14,14.68,No,2059.46,1306.87,752.4
2025-08-20 00:00:00,ORD-10100,Pasta 500g,Grains,Rabat,Wholesale,110,12.89,8.03,No,1417.9,882.93,534.96
2025-02-25 00:00:00,ORD-10101,Olive Oil 1L,Oils,Rabat,Online,75,81.93,57.81,No,6144.75,4335.42,1809.42
2025-05-30 00:00:00,ORD-10102,Milk Powder 500g,Dairy,Fes,Wholesale,171,37.22,26.22,No,6364.62,4483.3,1880.83
2025-11-12 00:00:00,ORD-10103,Canned Tomatoes 400g,Canned Goods,Casablanca,Supermarket,104,8.46,4.91,Yes,879.84,510.66,368.93
2025-08-09 00:00:00,ORD-10104,Olive Oil 1L,Oils,Rabat,Online,69,71.56,59.14,Yes,4937.64,4080.49,856.92
2025-06-23 00:00:00,ORD-10105,Couscous 1kg,Grains,Marrakech,Retail,45,23.13,14.75,Yes,1040.85,663.54,377.19
2025-11-24 00:00:00,ORD-10106,Canned Peas 400g,Canned Goods,Agadir,Supermarket,77,12.1,7.34,No,931.7,565.29,366.36
2025-01-29 00:00:00,ORD-10107,Pasta 500g,Grains,Fes,Supermarket,112,12.71,8.02,No,1423.52,898.8,524.16
2025-08-21 00:00:00,ORD-10108,Pasta 500g,Grains,Rabat,Supermarket,42,11.94,8.21,Yes,501.48,344.95,156.42
2025-04-21 00:00:00,ORD-10109,Canned Peas 400g,Canned Goods,Casablanca,Online,111,10.98,6.89,Yes,1218.78,764.44,454
2025-10-17 00:00:00,ORD-10110,UHT Milk 1L,Dairy,Agadir,Supermarket,81,11.07,6.86,No,896.67,555.75,341.29
2025-07-29 00:00:00,ORD-10111,Orange Juice 1L,Beverages,Agadir,Retail,64,16.24,10.93,Yes,1039.36,699.48,339.66
2025-05-06 00:00:00,ORD-10112,Canned Tomatoes 400g,Canned Goods,Fes,Supermarket,135,8.48,5.09,Yes,1144.8,687.73,457.52
2025-03-09 00:00:00,ORD-10113,UHT Milk 1L,Dairy,Casablanca,Wholesale,244,11.23,7.34,No,2740.12,1791.13,948.35
2025-02-24 00:00:00,ORD-10114,Milk Powder 500g,Dairy,Marrakech,Supermarket,83,37.72,25.42,No,3130.76,2109.5,1021.28
2025-10-09 00:00:00,ORD-10115,Orange Juice 1L,Beverages,Casablanca,Wholesale,153,17.54,10.85,No,2683.62,1659.38,1023.78
2025-12-02 00:00:00,ORD-10116,Orange Juice 1L,Beverages,Agadir,Supermarket,33,18.54,11,No,611.82,363.12,248.86
2025-05-31 00:00:00,ORD-10117,UHT Milk 1L,Dairy,Fes,Wholesale,198,10.65,7.3,No,2108.7,1444.65,664.46
2025-09-13 00:00:00,ORD-10118,Orange Juice 1L,Beverages,Fes,Supermarket,120,17.31,11.53,No,2077.2,1383.81,693.79
2025-12-27 00:00:00,ORD-10119,Pasta 500g,Grains,Fes,Online,69,13.11,8.13,No,904.59,561.1,343.71
2025-05-21 00:00:00,ORD-10120,Milk Powder 500g,Dairy,Marrakech,Online,66,34.75,25.49,Yes,2293.5,1682.52,611.23
2025-05-02 00:00:00,ORD-10121,Olive Oil 500ml,Oils,Fes,Supermarket,125,43,34.34,Yes,5375,4291.99,1082.94
2025-05-06 00:00:00,ORD-10122,Couscous 1kg,Grains,Casablanca,Supermarket,92,23.54,14.6,No,2165.68,1343.59,821.92
2025-01-04 00:00:00,ORD-10123,Milk Powder 500g,Dairy,Agadir,Wholesale,71,34.18,26.81,Yes,2426.78,1903.57,523.32
2025-04-21 00:00:00,ORD-10124,Orange Juice 1L,Beverages,Agadir,Online,53,17.38,10.79,No,921.14,571.94,349.38
2025-12-10 00:00:00,ORD-10125,Pasta 500g,Grains,Marrakech,Supermarket,44,13.04,7.87,No,573.76,346.1,227.84
2025-01-30 00:00:00,ORD-10126,Couscous 1kg,Grains,Rabat,Online,57,23.61,15,No,1345.77,854.74,490.93
2025-11-01 00:00:00,ORD-10127,Milk Powder 500g,Dairy,Fes,Wholesale,210,36.85,27.08,No,7738.5,5687.63,2050.2
2025-09-23 00:00:00,ORD-10128,Olive Oil 500ml,Oils,Casablanca,Wholesale,112,46.81,32.66,No,5242.72,3657.64,1585.25
2025-11-17 00:00:00,ORD-10129,Canned Peas 400g,Canned Goods,Agadir,Online,45,11.76,6.93,No,529.2,311.72,217.41
2025-04-19 00:00:00,ORD-10130,Olive Oil 500ml,Oils,Agadir,Online,66,46.96,33.41,No,3099.36,2204.96,894.71
2025-05-24 00:00:00,ORD-10131,UHT Milk 1L,Dairy,Casablanca,Supermarket,105,10.98,7.32,No,1152.9,769,384.34
2025-02-23 00:00:00,ORD-10132,Olive Oil 500ml,Oils,Marrakech,Supermarket,98,43.52,32.86,Yes,4264.96,3220.17,1044.52
2025-12-01 00:00:00,ORD-10133,Canned Tomatoes 400g,Canned Goods,Casablanca,Retail,79,8.88,5.15,Yes,701.52,406.59,294.6
2025-05-16 00:00:00,ORD-10134,Milk Powder 500g,Dairy,Rabat,Online,51,35.56,26.52,Yes,1813.56,1352.28,461.15
2025-01-20 00:00:00,ORD-10135,Canned Peas 400g,Canned Goods,Fes,Supermarket,98,12.13,6.79,No,1188.74,665.55,523.53
2025-07-21 00:00:00,ORD-10136,Apple Juice 1L,Beverages,Casablanca,Supermarket,120,15.5,10.01,Yes,1860,1201.72,658.45
2025-02-25 00:00:00,ORD-10137,Apple Juice 1L,Beverages,Casablanca,Wholesale,226,17.14,10.08,No,3873.64,2277.68,1594.96
2025-08-13 00:00:00,ORD-10138,Apple Juice 1L,Beverages,Casablanca,Supermarket,108,16.37,10.06,No,1767.96,1086.45,682.02
2025-04-16 00:00:00,ORD-10139,Orange Juice 1L,Beverages,Fes,Online,72,17.72,11.5,No,1275.84,828.28,447.25
2025-09-18 00:00:00,ORD-10140,Pasta 500g,Grains,Fes,Retail,93,13.01,8.34,No,1209.93,775.67,434.19
2025-05-01 00:00:00,ORD-10141,Milk Powder 500g,Dairy,Marrakech,Supermarket,92,36.86,25.41,No,3391.12,2337.79,1053.55
2025-04-29 00:00:00,ORD-10142,Canned Tomatoes 400g,Canned Goods,Marrakech,Wholesale,200,8.78,5.16,No,1756,1032.25,724.23
2025-12-10 00:00:00,ORD-10143,Orange Juice 1L,Beverages,Casablanca,Wholesale,153,16.03,11.26,Yes,2452.59,1723.36,729.09
2025-11-30 00:00:00,ORD-10144,Apple Juice 1L,Beverages,Casablanca,Retail,32,17.15,9.9,No,548.8,316.93,231.86
2025-04-23 00:00:00,ORD-10145,Canned Tomatoes 400g,Canned Goods,Casablanca,Online,84,8.66,5.01,No,727.44,420.84,306.32
2025-09-13 00:00:00,ORD-10146,Orange Juice 1L,Beverages,Marrakech,Retail,105,17.74,11.15,No,1862.7,1170.67,692.45
2025-09-15 00:00:00,ORD-10147,Milk Powder 500g,Dairy,Marrakech,Supermarket,63,39.29,26.97,No,2475.27,1699.37,775.81
2025-12-08 00:00:00,ORD-10148,Apple Juice 1L,Beverages,Fes,Wholesale,156,16.94,9.89,No,2642.64,1543.18,1099.58
2025-08-10 00:00:00,ORD-10149,Canned Tomatoes 400g,Canned Goods,Casablanca,Supermarket,101,8.8,5.18,No,888.8,522.82,365.74
2025-04-17 00:00:00,ORD-10150,Orange Juice 1L,Beverages,Rabat,Supermarket,72,18.49,10.79,No,1331.28,777,554.16
2025-09-13 00:00:00,ORD-10151,Canned Peas 400g,Canned Goods,Rabat,Retail,45,10.8,7.14,Yes,486,321.17,164.7
2025-11-17 00:00:00,ORD-10152,Apple Juice 1L,Beverages,Agadir,Supermarket,81,16.69,10.41,No,1351.89,843.04,508.69
2025-03-23 00:00:00,ORD-10153,Canned Tomatoes 400g,Canned Goods,Rabat,Wholesale,212,9.04,5.05,No,1916.48,1070.66,845.3
2025-04-18 00:00:00,ORD-10154,Canned Tomatoes 400g,Canned Goods,Marrakech,Online,108,8.78,4.98,Yes,948.24,537.55,411.19
2025-04-19 00:00:00,ORD-10155,Milk Powder 500g,Dairy,Casablanca,Supermarket,122,38.87,26.95,No,4742.14,3288,1454.62
2025-11-27 00:00:00,ORD-10156,Orange Juice 1L,Beverages,Casablanca,Supermarket,122,17.99,11.46,No,2194.78,1397.62,796.85
2025-04-08 00:00:00,ORD-10157,Olive Oil 500ml,Oils,Agadir,Supermarket,95,45.37,32.15,No,4310.15,3054.19,1256.32
2025-03-24 00:00:00,ORD-10158,Olive Oil 1L,Oils,Casablanca,Wholesale,168,84.12,57.04,No,14132.16,9582.64,4549.47
2025-01-10 00:00:00,ORD-10159,Olive Oil 500ml,Oils,Agadir,Wholesale,147,45.47,33.05,No,6684.09,4858.56,1825.35
2025-07-19 00:00:00,ORD-10160,Canned Peas 400g,Canned Goods,Casablanca,Wholesale,156,11.97,7,No,1867.32,1091.38,775.33
2025-05-31 00:00:00,ORD-10161,Couscous 1kg,Grains,Casablanca,Wholesale,214,21.29,15.54,Yes,4556.06,3325.07,1230.26
2025-01-23 00:00:00,ORD-10162,Pasta 500g,Grains,Agadir,Supermarket,79,12.89,8.32,No,1018.31,657.28,360.92
2025-12-14 00:00:00,ORD-10163,Apple Juice 1L,Beverages,Agadir,Supermarket,58,16.71,10.29,No,969.18,596.69,372.67
2025-01-03 00:00:00,ORD-10164,UHT Milk 1L,Dairy,Marrakech,Wholesale,246,9.93,7.06,Yes,2442.78,1737.32,704.45
2025-08-15 00:00:00,ORD-10165,Couscous 1kg,Grains,Casablanca,Wholesale,79,23.78,14.87,No,1878.62,1175.11,703.5
2025-02-18 00:00:00,ORD-10166,UHT Milk 1L,Dairy,Casablanca,Retail,76,9.64,7.29,Yes,732.64,554.11,178.48
2025-10-10 00:00:00,ORD-10167,Canned Tomatoes 400g,Canned Goods,Rabat,Online,90,9.31,4.87,No,837.9,438.64,399.58
2025-05-05 00:00:00,ORD-10168,Couscous 1kg,Grains,Marrakech,Supermarket,76,21.2,15.06,Yes,1611.2,1144.35,466.53
2025-07-10 00:00:00,ORD-10169,Olive Oil 500ml,Oils,Rabat,Online,57,45.33,32.95,No,2583.81,1878.35,705.34
2025-05-05 00:00:00,ORD-10170,Couscous 1kg,Grains,Marrakech,Supermarket,99,23.23,14.68,No,2299.77,1453.21,846.73
2025-01-19 00:00:00,ORD-10171,Olive Oil 500ml,Oils,Marrakech,Supermarket,132,48.2,33.4,No,6362.4,4408.64,1954.09
2025-02-22 00:00:00,ORD-10172,Apple Juice 1L,Beverages,Rabat,Retail,122,17.1,10.34,No,2086.2,1262.08,824.67
2025-12-04 00:00:00,ORD-10173,Olive Oil 500ml,Oils,Agadir,Retail,91,47.32,32.35,No,4306.12,2943.67,1362.33
2025-08-27 00:00:00,ORD-10174,Pasta 500g,Grains,Rabat,Supermarket,122,12.85,8.02,No,1567.7,978.63,589.44
2025-06-10 00:00:00,ORD-10175,Milk Powder 500g,Dairy,Marrakech,Online,35,37.48,26.16,No,1311.8,915.54,396.3
2025-12-20 00:00:00,ORD-10176,UHT Milk 1L,Dairy,Casablanca,Wholesale,119,10.86,7,No,1292.34,833.24,459.61
2025-07-14 00:00:00,ORD-10177,Olive Oil 1L,Oils,Rabat,Wholesale,164,77.91,57.45,Yes,12777.24,9422.53,3354.04
2025-07-12 00:00:00,ORD-10178,Orange Juice 1L,Beverages,Agadir,Retail,111,17.22,11.48,Yes,1911.42,1274.62,636.4
2025-12-03 00:00:00,ORD-10179,UHT Milk 1L,Dairy,Rabat,Supermarket,131,10.58,7.21,No,1385.98,944.03,442.39
2025-02-25 00:00:00,ORD-10180,Orange Juice 1L,Beverages,Casablanca,Retail,102,17.76,11.44,No,1811.52,1167.22,643.92
2025-12-27 00:00:00,ORD-10181,Pasta 500g,Grains,Marrakech,Supermarket,77,13,8.1,No,1001,623.96,376.77
2025-03-29 00:00:00,ORD-10182,Apple Juice 1L,Beverages,Agadir,Online,51,17.51,10,No,893.01,509.98,383.25
2025-02-12 00:00:00,ORD-10183,Olive Oil 500ml,Oils,Fes,Retail,93,47.4,33.13,No,4408.2,3081.27,1327.22
2025-12-08 00:00:00,ORD-10184,Pasta 500g,Grains,Casablanca,Supermarket,110,12.78,7.95,No,1405.8,874.99,530.35
2025-09-24 00:00:00,ORD-10185,Orange Juice 1L,Beverages,Rabat,Retail,47,17.52,11.26,No,823.44,529.13,294.09
2025-02-11 00:00:00,ORD-10186,Pasta 500g,Grains,Marrakech,Supermarket,129,12.7,7.85,No,1638.3,1012.57,626.11
2025-07-29 00:00:00,ORD-10187,Olive Oil 500ml,Oils,Casablanca,Supermarket,119,48.16,34.58,No,5731.04,4115.31,1615.93
2025-03-31 00:00:00,ORD-10188,Olive Oil 1L,Oils,Marrakech,Online,73,81.55,56.43,No,5953.15,4119.14,1833.85
2025-03-16 00:00:00,ORD-10189,UHT Milk 1L,Dairy,Agadir,Online,85,10.83,7.3,No,920.55,620.13,300.04
2025-05-22 00:00:00,ORD-10190,Olive Oil 1L,Oils,Agadir,Wholesale,195,79.74,58.74,No,15549.3,11454.68,4094.97
2025-01-26 00:00:00,ORD-10191,Apple Juice 1L,Beverages,Marrakech,Retail,84,16.2,9.85,Yes,1360.8,827.53,533.48
2025-07-07 00:00:00,ORD-10192,Couscous 1kg,Grains,Agadir,Supermarket,129,24.63,15.72,No,3177.27,2028.02,1149.72
2025-08-14 00:00:00,ORD-10193,Orange Juice 1L,Beverages,Agadir,Supermarket,98,18.06,11.46,No,1769.88,1123.18,646.96
2025-03-20 00:00:00,ORD-10194,Apple Juice 1L,Beverages,Fes,Retail,95,16.81,10.01,No,1596.95,951.25,645.86
2025-02-11 00:00:00,ORD-10195,Olive Oil 1L,Oils,Rabat,Wholesale,124,82.74,56.42,No,10259.76,6996.48,3262.81
2025-04-26 00:00:00,ORD-10196,Olive Oil 500ml,Oils,Casablanca,Online,93,48.64,34.59,No,4523.52,3216.85,1306.67
2025-01-15 00:00:00,ORD-10197,Couscous 1kg,Grains,Rabat,Supermarket,81,23.04,15.19,Yes,1866.24,1230.77,635.44
2025-08-29 00:00:00,ORD-10198,Canned Tomatoes 400g,Canned Goods,Casablanca,Wholesale,249,9.32,4.99,No,2320.68,1242.3,1079.17
2025-02-10 00:00:00,ORD-10199,Olive Oil 1L,Oils,Casablanca,Retail,129,83.78,58.77,No,10807.62,7581.05,3226.09
2025-06-04 00:00:00,ORD-10200,Olive Oil 500ml,Oils,Casablanca,Wholesale,124,45.98,33.92,No,5701.52,4205.56,1495.92
2025-11-26 00:00:00,ORD-10201,Olive Oil 500ml,Oils,Agadir,Supermarket,63,47.07,33.35,No,2965.41,2101.15,864.48
2025-12-08 00:00:00,ORD-10202,Milk Powder 500g,Dairy,Agadir,Retail,118,36.68,26.45,No,4328.24,3121.5,1207.12
2025-03-29 00:00:00,ORD-10203,Couscous 1kg,Grains,Marrakech,Supermarket,176,24.76,15.12,No,4357.76,2661.24,1696.83
2025-09-19 00:00:00,ORD-10204,Olive Oil 1L,Oils,Fes,Retail,75,82.9,60.23,No,6217.5,4517.47,1700.4
2025-10-09 00:00:00,ORD-10205,Canned Tomatoes 400g,Canned Goods,Casablanca,Wholesale,181,8.91,5.02,No,1612.71,908.63,703.55
2025-08-18 00:00:00,ORD-10206,Orange Juice 1L,Beverages,Marrakech,Wholesale,90,16.66,10.84,Yes,1499.4,976.03,523.57
2025-05-17 00:00:00,ORD-10207,Canned Tomatoes 400g,Canned Goods,Fes,Online,74,8.48,4.93,Yes,627.52,364.75,262.91
2025-05-25 00:00:00,ORD-10208,Couscous 1kg,Grains,Marrakech,Online,86,23.38,14.98,No,2010.68,1288.21,722.15
2025-10-15 00:00:00,ORD-10209,Milk Powder 500g,Dairy,Rabat,Supermarket,68,35.95,25.37,Yes,2444.6,1724.85,719.84
2025-06-04 00:00:00,ORD-10210,Milk Powder 500g,Dairy,Fes,Wholesale,205,38.97,25.72,No,7988.85,5272.76,2717.01
2025-05-04 00:00:00,ORD-10211,Pasta 500g,Grains,Rabat,Retail,120,12.19,7.93,Yes,1462.8,952.15,510.1
2025-05-14 00:00:00,ORD-10212,Olive Oil 500ml,Oils,Casablanca,Supermarket,43,45.87,33.32,Yes,1972.41,1432.96,539.38
2025-08-18 00:00:00,ORD-10213,Canned Tomatoes 400g,Canned Goods,Agadir,Online,12,9.29,5.17,No,111.48,62,49.53
2025-05-11 00:00:00,ORD-10214,Milk Powder 500g,Dairy,Rabat,Supermarket,38,37.72,26.4,No,1433.36,1003.27,430.03
2025-10-06 00:00:00,ORD-10215,UHT Milk 1L,Dairy,Fes,Supermarket,59,11.31,7.35,No,667.29,433.48,233.58
2025-09-01 00:00:00,ORD-10216,Orange Juice 1L,Beverages,Agadir,Supermarket,91,17.36,10.97,Yes,1579.76,998.57,581.22
2025-12-30 00:00:00,ORD-10217,UHT Milk 1L,Dairy,Casablanca,Supermarket,48,10.53,7.26,Yes,505.44,348.34,157.16
2025-01-02 00:00:00,ORD-10218,Canned Tomatoes 400g,Canned Goods,Rabat,Supermarket,117,8.45,5.12,Yes,988.65,599.17,389.01
2025-12-31 00:00:00,ORD-10219,Orange Juice 1L,Beverages,Casablanca,Supermarket,58,16.57,10.89,Yes,961.06,631.77,329.5
2025-10-11 00:00:00,ORD-10220,Canned Peas 400g,Canned Goods,Fes,Retail,47,10.77,7.35,Yes,506.19,345.29,160.74
2025-11-19 00:00:00,ORD-10221,Olive Oil 1L,Oils,Casablanca,Retail,98,76.83,57.98,Yes,7529.34,5682.43,1846.55
2025-03-28 00:00:00,ORD-10222,Olive Oil 500ml,Oils,Rabat,Retail,62,47.53,33.83,No,2946.86,2097.62,849.54
2025-02-19 00:00:00,ORD-10223,Apple Juice 1L,Beverages,Casablanca,Retail,107,16.37,9.78,Yes,1751.59,1046.27,704.8
2025-06-01 00:00:00,ORD-10224,Milk Powder 500g,Dairy,Casablanca,Supermarket,141,38.9,27.11,No,5484.9,3822.2,1662.7
2025-07-16 00:00:00,ORD-10225,Orange Juice 1L,Beverages,Casablanca,Supermarket,93,17.22,10.87,Yes,1601.46,1010.7,591.21
2025-05-28 00:00:00,ORD-10226,Orange Juice 1L,Beverages,Casablanca,Supermarket,122,18.41,10.86,No,2246.02,1324.39,921.31
2025-05-24 00:00:00,ORD-10227,Apple Juice 1L,Beverages,Agadir,Wholesale,261,16.07,10.2,Yes,4194.27,2660.93,1533.55
2025-07-16 00:00:00,ORD-10228,Canned Peas 400g,Canned Goods,Rabat,Wholesale,212,11.94,7.28,No,2531.28,1543.56,988.48
2025-03-10 00:00:00,ORD-10229,UHT Milk 1L,Dairy,Fes,Wholesale,51,10.02,7.07,Yes,511.02,360.72,150.18
2025-07-04 00:00:00,ORD-10230,UHT Milk 1L,Dairy,Casablanca,Wholesale,136,10.54,7.08,Yes,1433.44,963.28,470.6
2025-10-18 00:00:00,ORD-10231,Olive Oil 500ml,Oils,Fes,Online,76,48.82,32.94,No,3710.32,2503.4,1206.97
2025-05-10 00:00:00,ORD-10232,Canned Tomatoes 400g,Canned Goods,Casablanca,Online,62,9.27,4.96,No,574.74,307.74,267.02
2025-07-08 00:00:00,ORD-10233,Canned Peas 400g,Canned Goods,Casablanca,Online,73,12.26,6.98,No,894.98,509.44,385.49
2025-03-27 00:00:00,ORD-10234,Canned Tomatoes 400g,Canned Goods,Marrakech,Wholesale,163,8.55,5.05,Yes,1393.65,822.86,570.26
2025-06-23 00:00:00,ORD-10235,Olive Oil 1L,Oils,Casablanca,Online,81,84.92,56.5,No,6878.52,4576.18,2302.35
2025-05-12 00:00:00,ORD-10236,Canned Peas 400g,Canned Goods,Casablanca,Online,66,11.39,6.93,Yes,751.74,457.22,294.49
2025-10-18 00:00:00,ORD-10237,Couscous 1kg,Grains,Rabat,Online,53,24.47,15.19,No,1296.91,804.96,491.87
2025-02-07 00:00:00,ORD-10238,Milk Powder 500g,Dairy,Casablanca,Retail,131,38.95,25.95,No,5102.45,3399.07,1703.08
2025-12-21 00:00:00,ORD-10239,UHT Milk 1L,Dairy,Rabat,Online,69,10.85,6.88,No,748.65,475.05,273.76
2025-04-17 00:00:00,ORD-10240,Couscous 1kg,Grains,Rabat,Supermarket,85,23.18,14.71,No,1970.3,1250.27,720.22
2025-07-12 00:00:00,ORD-10241,Orange Juice 1L,Beverages,Marrakech,Wholesale,163,18.2,11.13,No,2966.6,1814.1,1152.4
2025-12-09 00:00:00,ORD-10242,Canned Peas 400g,Canned Goods,Casablanca,Supermarket,53,11.25,6.88,Yes,596.25,364.43,231.74
2025-10-03 00:00:00,ORD-10243,Couscous 1kg,Grains,Fes,Supermarket,100,23.19,15.47,No,2319,1546.8,772.12
2025-03-17 00:00:00,ORD-10244,Pasta 500g,Grains,Casablanca,Wholesale,144,13.07,7.95,No,1882.08,1144.15,738.16
2025-05-04 00:00:00,ORD-10245,UHT Milk 1L,Dairy,Marrakech,Retail,73,10.51,7.17,Yes,767.23,523.57,243.33
2025-08-11 00:00:00,ORD-10246,Olive Oil 1L,Oils,Casablanca,Retail,57,77.09,57.36,Yes,4394.13,3269.52,1124.57
2025-11-05 00:00:00,ORD-10247,Orange Juice 1L,Beverages,Marrakech,Wholesale,88,18.17,11.49,No,1598.96,1010.82,588.35
2025-12-06 00:00:00,ORD-10248,Milk Powder 500g,Dairy,Marrakech,Retail,127,35.34,27.14,Yes,4488.18,3446.41,1042.06
2025-05-03 00:00:00,ORD-10249,Milk Powder 500g,Dairy,Casablanca,Online,41,33.64,25.22,Yes,1379.24,1034.07,345.07
2025-08-24 00:00:00,ORD-10250,Milk Powder 500g,Dairy,Fes,Wholesale,136,36.95,27.18,No,5025.2,3696.13,1328.94
2025-12-19 00:00:00,ORD-10251,Olive Oil 500ml,Oils,Marrakech,Supermarket,81,47.98,32.62,No,3886.38,2642.14,1243.94
2025-04-02 00:00:00,ORD-10252,Apple Juice 1L,Beverages,Marrakech,Wholesale,231,16.62,9.93,No,3839.22,2293.72,1546.56
2025-05-08 00:00:00,ORD-10253,Couscous 1kg,Grains,Casablanca,Retail,125,24.05,15.32,No,3006.25,1914.6,1091.82
2025-09-21 00:00:00,ORD-10254,Orange Juice 1L,Beverages,Agadir,Supermarket,101,17.72,11.06,No,1789.72,1116.76,672.62
2025-03-30 00:00:00,ORD-10255,Apple Juice 1L,Beverages,Agadir,Online,95,15.63,10.15,Yes,1484.85,964.12,520.82
2025-03-05 00:00:00,ORD-10256,UHT Milk 1L,Dairy,Marrakech,Retail,150,10.85,6.86,No,1627.5,1029.19,598.46
2025-06-06 00:00:00,ORD-10257,Olive Oil 500ml,Oils,Agadir,Retail,40,47.2,32.07,No,1888,1282.63,605.48
2025-12-23 00:00:00,ORD-10258,Pasta 500g,Grains,Rabat,Wholesale,137,11.72,7.77,Yes,1605.64,1065.02,540.75
2025-01-09 00:00:00,ORD-10259,Orange Juice 1L,Beverages,Rabat,Retail,113,17.38,11.38,No,1963.94,1285.54,678.79
2025-08-17 00:00:00,ORD-10260,Orange Juice 1L,Beverages,Rabat,Supermarket,107,17.5,10.85,No,1872.5,1160.78,711.29
2025-10-23 00:00:00,ORD-10261,Canned Tomatoes 400g,Canned Goods,Fes,Retail,57,8.86,5.04,No,505.02,287.33,217.47
2025-10-09 00:00:00,ORD-10262,Pasta 500g,Grains,Casablanca,Supermarket,118,12.5,8.04,No,1475,948.85,526.06
2025-07-18 00:00:00,ORD-10263,Canned Tomatoes 400g,Canned Goods,Marrakech,Wholesale,86,8.71,5.04,No,749.06,433.44,315.96
2025-08-15 00:00:00,ORD-10264,Canned Tomatoes 400g,Canned Goods,Casablanca,Supermarket,73,8.94,4.92,No,652.62,359.21,293.27
2025-02-20 00:00:00,ORD-10265,Orange Juice 1L,Beverages,Agadir,Supermarket,118,17.81,10.68,Yes,2101.58,1260.31,841.72
2025-11-15 00:00:00,ORD-10266,Canned Peas 400g,Canned Goods,Agadir,Online,48,11.6,7.27,No,556.8,348.76,207.8
2025-01-23 00:00:00,ORD-10267,Canned Tomatoes 400g,Canned Goods,Marrakech,Retail,123,8.3,5.14,Yes,1020.9,632.46,388.03
2025-03-08 00:00:00,ORD-10268,Orange Juice 1L,Beverages,Casablanca,Retail,68,18.34,10.99,No,1247.12,747.64,499.19
2025-12-21 00:00:00,ORD-10269,Olive Oil 500ml,Oils,Casablanca,Retail,66,45.93,34.28,No,3031.38,2262.43,768.9
2025-08-28 00:00:00,ORD-10270,Pasta 500g,Grains,Agadir,Supermarket,68,12.75,8.2,No,867,557.84,309.04
2025-08-24 00:00:00,ORD-10271,Apple Juice 1L,Beverages,Rabat,Supermarket,69,16.42,10.08,No,1132.98,695.54,437.23
2025-10-03 00:00:00,ORD-10272,Canned Peas 400g,Canned Goods,Casablanca,Supermarket,67,12.33,7.04,No,826.11,471.68,354.37
2025-10-20 00:00:00,ORD-10273,Apple Juice 1L,Beverages,Marrakech,Supermarket,87,16.51,9.82,No,1436.37,854.53,582.07
2025-03-10 00:00:00,ORD-10274,Canned Tomatoes 400g,Canned Goods,Rabat,Supermarket,102,8.94,5.06,No,911.88,515.99,395.72
2025-04-09 00:00:00,ORD-10275,Couscous 1kg,Grains,Rabat,Retail,64,23.25,14.57,No,1488,932.26,555.65
2025-06-15 00:00:00,ORD-10276,Couscous 1kg,Grains,Casablanca,Retail,84,24.06,15.26,No,2021.04,1282.03,738.88
2025-02-22 00:00:00,ORD-10277,Olive Oil 1L,Oils,Marrakech,Supermarket,76,80.21,56.36,Yes,6095.96,4283.61,1812.45
2025-12-24 00:00:00,ORD-10278,Canned Tomatoes 400g,Canned Goods,Fes,Supermarket,97,9.31,5.24,No,903.07,508.51,394.46
2025-09-27 00:00:00,ORD-10279,Olive Oil 1L,Oils,Casablanca,Retail,91,85.2,56.34,No,7753.2,5126.51,2626.59
2025-01-29 00:00:00,ORD-10280,Milk Powder 500g,Dairy,Fes,Supermarket,59,37.92,25.49,No,2237.28,1504.05,733.45
2025-03-17 00:00:00,ORD-10281,Olive Oil 1L,Oils,Agadir,Supermarket,104,77.9,58.59,Yes,8101.6,6093.48,2007.85
2025-12-27 00:00:00,ORD-10282,Apple Juice 1L,Beverages,Casablanca,Retail,54,16.7,10.38,No,901.8,560.76,341.05
2025-11-11 00:00:00,ORD-10283,Pasta 500g,Grains,Marrakech,Online,54,12.51,8.01,No,675.54,432.58,243.08
2025-07-25 00:00:00,ORD-10284,Couscous 1kg,Grains,Fes,Supermarket,67,21.85,15.41,Yes,1463.95,1032.48,431.23
2025-06-17 00:00:00,ORD-10285,Milk Powder 500g,Dairy,Casablanca,Online,90,36.1,25.3,Yes,3249,2277.1,971.98
2025-07-26 00:00:00,ORD-10286,Milk Powder 500g,Dairy,Rabat,Supermarket,105,39.33,26.48,No,4129.65,2780.57,1348.89
2025-02-25 00:00:00,ORD-10287,Canned Peas 400g,Canned Goods,Fes,Online,113,11.2,6.89,Yes,1265.6,778.53,487.19
2025-06-14 00:00:00,ORD-10288,Canned Tomatoes 400g,Canned Goods,Rabat,Online,70,7.97,4.96,Yes,557.9,347.17,210.86
2025-10-28 00:00:00,ORD-10289,Olive Oil 1L,Oils,Casablanca,Supermarket,82,80.94,57.78,No,6637.08,4738.09,1899.31
2025-04-30 00:00:00,ORD-10290,Olive Oil 1L,Oils,Rabat,Supermarket,111,84.81,58.6,No,9413.91,6504.55,2909.48
2025-10-19 00:00:00,ORD-10291,UHT Milk 1L,Dairy,Casablanca,Wholesale,149,11.35,7.03,No,1691.15,1047.95,642.91
2025-02-14 00:00:00,ORD-10292,Canned Peas 400g,Canned Goods,Fes,Supermarket,76,11.8,6.84,Yes,896.8,520.01,377.05
2025-04-11 00:00:00,ORD-10293,Canned Tomatoes 400g,Canned Goods,Rabat,Wholesale,153,9.26,4.89,No,1416.78,748.04,668.27
2025-10-02 00:00:00,ORD-10294,Couscous 1kg,Grains,Casablanca,Supermarket,106,22.02,15.61,Yes,2334.12,1654.16,680.12
2025-03-09 00:00:00,ORD-10295,Couscous 1kg,Grains,Agadir,Retail,122,23.84,14.86,No,2908.48,1812.78,1095.95
2025-05-17 00:00:00,ORD-10296,UHT Milk 1L,Dairy,Rabat,Retail,88,11.29,6.93,No,993.52,610.17,382.91
2025-09-02 00:00:00,ORD-10297,Apple Juice 1L,Beverages,Fes,Online,48,15.51,10.35,Yes,744.48,497.02,247.27
2025-04-21 00:00:00,ORD-10298,UHT Milk 1L,Dairy,Casablanca,Online,143,11.19,6.82,No,1600.17,975.68,625.13
2025-05-03 00:00:00,ORD-10299,UHT Milk 1L,Dairy,Fes,Supermarket,108,10.11,7.31,Yes,1091.88,789.99,301.71
2025-04-06 00:00:00,ORD-10300,Orange Juice 1L,Beverages,Rabat,Supermarket,81,17.92,10.81,No,1451.52,875.41,575.9
2025-09-18 00:00:00,ORD-10301,Olive Oil 500ml,Oils,Agadir,Retail,117,48.59,32.24,No,5685.03,3772.28,1912.53
2025-11-24 00:00:00,ORD-10302,Olive Oil 500ml,Oils,Agadir,Online,51,46.82,33.11,No,2387.82,1688.54,699.34
2025-04-23 00:00:00,ORD-10303,Olive Oil 500ml,Oils,Agadir,Supermarket,121,42.51,32.91,Yes,5143.71,3981.51,1162.76
2025-08-03 00:00:00,ORD-10304,Canned Tomatoes 400g,Canned Goods,Rabat,Online,32,8.74,4.98,No,279.68,159.3,120.33
2025-12-09 00:00:00,ORD-10305,Pasta 500g,Grains,Marrakech,Supermarket,64,12.74,8.01,No,815.36,512.45,303.22
2025-03-10 00:00:00,ORD-10306,Olive Oil 500ml,Oils,Casablanca,Retail,98,47.13,34.05,No,4618.74,3336.68,1281.82
2025-01-07 00:00:00,ORD-10307,Pasta 500g,Grains,Marrakech,Online,64,13.31,7.8,No,851.84,499.05,352.5
2025-09-17 00:00:00,ORD-10308,Milk Powder 500g,Dairy,Fes,Online,87,34.66,26.78,Yes,3015.42,2330.13,685.25
2025-01-11 00:00:00,ORD-10309,UHT Milk 1L,Dairy,Fes,Online,72,11.22,7.26,No,807.84,522.85,285.28
2025-07-11 00:00:00,ORD-10310,Orange Juice 1L,Beverages,Rabat,Retail,111,18.21,11.04,No,2021.31,1225.42,796.3
2025-01-08 00:00:00,ORD-10311,Olive Oil 500ml,Oils,Casablanca,Wholesale,117,45.84,32.54,Yes,5363.28,3806.88,1555.82
2025-04-11 00:00:00,ORD-10312,Couscous 1kg,Grains,Agadir,Wholesale,105,23.61,14.6,No,2479.05,1532.73,946.77
2025-01-27 00:00:00,ORD-10313,Canned Peas 400g,Canned Goods,Rabat,Supermarket,127,12.25,7.05,No,1555.75,895.87,659.4
2025-03-29 00:00:00,ORD-10314,Milk Powder 500g,Dairy,Casablanca,Supermarket,115,38.3,27.09,No,4404.5,3115.13,1289.19
2025-08-14 00:00:00,ORD-10315,Apple Juice 1L,Beverages,Rabat,Retail,84,16.71,9.84,No,1403.64,826.53,577.19
2025-02-06 00:00:00,ORD-10316,Canned Peas 400g,Canned Goods,Casablanca,Online,84,10.77,6.94,Yes,904.68,582.72,322.28
2025-05-26 00:00:00,ORD-10317,Apple Juice 1L,Beverages,Casablanca,Supermarket,87,17.11,10,No,1488.57,870.12,618.4
2025-04-25 00:00:00,ORD-10318,Orange Juice 1L,Beverages,Rabat,Retail,117,17.81,11.17,No,2083.77,1306.85,777.18
2025-08-27 00:00:00,ORD-10319,Olive Oil 1L,Oils,Rabat,Supermarket,120,83.47,56.57,No,10016.4,6788.17,3227.96
2025-12-28 00:00:00,ORD-10320,Orange Juice 1L,Beverages,Fes,Supermarket,81,16.92,11.15,Yes,1370.52,903.35,467.08
2025-10-08 00:00:00,ORD-10321,Milk Powder 500g,Dairy,Fes,Retail,83,36.94,26.95,No,3066.02,2236.67,829.05
2025-12-11 00:00:00,ORD-10322,Olive Oil 1L,Oils,Casablanca,Online,76,80.45,58.2,No,6114.2,4423.37,1690.63
2025-01-23 00:00:00,ORD-10323,Pasta 500g,Grains,Marrakech,Retail,130,12.74,7.99,No,1656.2,1039.17,617.14
2025-01-15 00:00:00,ORD-10324,Olive Oil 500ml,Oils,Agadir,Retail,99,48.31,32.64,No,4782.69,3231.07,1551.34
2025-06-09 00:00:00,ORD-10325,Olive Oil 500ml,Oils,Rabat,Supermarket,103,45.29,33.98,No,4664.87,3500.45,1164.3
2025-02-08 00:00:00,ORD-10326,Olive Oil 1L,Oils,Marrakech,Wholesale,66,79.28,57.46,Yes,5232.48,3792.05,1440.17
2025-05-25 00:00:00,ORD-10327,Olive Oil 500ml,Oils,Rabat,Retail,125,47.95,34.37,No,5993.75,4295.79,1698.16
2025-05-23 00:00:00,ORD-10328,Orange Juice 1L,Beverages,Casablanca,Retail,114,18.62,11.27,No,2122.68,1284.79,838.12
2025-11-28 00:00:00,ORD-10329,Apple Juice 1L,Beverages,Casablanca,Retail,148,15.5,9.75,Yes,2294,1443.58,851.1
2025-11-07 00:00:00,ORD-10330,Apple Juice 1L,Beverages,Rabat,Supermarket,82,16.55,9.75,Yes,1357.1,799.9,557.51
2025-01-21 00:00:00,ORD-10331,Canned Tomatoes 400g,Canned Goods,Marrakech,Wholesale,147,9.06,4.98,No,1331.82,731.91,600.21
2025-12-03 00:00:00,ORD-10332,Canned Tomatoes 400g,Canned Goods,Agadir,Retail,106,9.18,5.25,No,973.08,556.4,417.15
2025-07-01 00:00:00,ORD-10333,Olive Oil 500ml,Oils,Casablanca,Retail,70,45.3,33.08,No,3171,2315.41,855.91
2025-11-07 00:00:00,ORD-10334,UHT Milk 1L,Dairy,Marrakech,Wholesale,185,11.26,7.14,No,2083.1,1320.88,761.38
2025-12-12 00:00:00,ORD-10335,UHT Milk 1L,Dairy,Marrakech,Supermarket,96,11.33,7.17,No,1087.68,688.35,399.16
2025-05-01 00:00:00,ORD-10336,Olive Oil 1L,Oils,Marrakech,Supermarket,60,82.61,59,No,4956.6,3540.24,1416.55
2025-04-18 00:00:00,ORD-10337,Pasta 500g,Grains,Casablanca,Online,36,12.86,7.79,No,462.96,280.52,182.55
2025-10-13 00:00:00,ORD-10338,Olive Oil 500ml,Oils,Rabat,Retail,69,46,32.29,No,3174,2227.95,946.25
2025-03-24 00:00:00,ORD-10339,Pasta 500g,Grains,Fes,Retail,97,12.6,8.15,No,1222.2,790.51,431.23
2025-11-25 00:00:00,ORD-10340,Apple Juice 1L,Beverages,Casablanca,Supermarket,81,17.03,10.14,No,1379.43,821.49,557.95
2025-08-23 00:00:00,ORD-10341,Couscous 1kg,Grains,Fes,Retail,79,24.86,15.54,No,1963.94,1228.05,736.28
2025-09-19 00:00:00,ORD-10342,Couscous 1kg,Grains,Rabat,Online,48,24.27,15.11,No,1164.96,725.05,440.07
2025-09-07 00:00:00,ORD-10343,Milk Powder 500g,Dairy,Rabat,Supermarket,53,36.92,25.69,No,1956.76,1361.65,595.29
2025-11-30 00:00:00,ORD-10344,UHT Milk 1L,Dairy,Casablanca,Supermarket,118,11.11,7.3,No,1310.98,861.5,449.6
2025-06-08 00:00:00,ORD-10345,Olive Oil 500ml,Oils,Agadir,Online,54,47.45,33.7,No,2562.3,1819.67,742.73
2025-07-07 00:00:00,ORD-10346,Canned Tomatoes 400g,Canned Goods,Rabat,Online,52,8.91,4.85,No,463.32,252.46,210.95
2025-10-22 00:00:00,ORD-10347,UHT Milk 1L,Dairy,Marrakech,Retail,117,10.17,7.33,Yes,1189.89,857.98,331.92
2025-06-12 00:00:00,ORD-10348,Olive Oil 500ml,Oils,Casablanca,Supermarket,133,47.54,34.52,No,6322.82,4590.89,1731.99
2025-04-29 00:00:00,ORD-10349,Couscous 1kg,Grains,Fes,Supermarket,114,23.1,15.29,No,2633.4,1743.2,890.15
2025-08-13 00:00:00,ORD-10350,Canned Tomatoes 400g,Canned Goods,Fes,Retail,113,8.67,4.89,No,979.71,552.57,427.11
2025-06-17 00:00:00,ORD-10351,Canned Tomatoes 400g,Canned Goods,Agadir,Supermarket,83,9.24,5.07,No,766.92,420.65,345.88
2025-02-27 00:00:00,ORD-10352,Canned Tomatoes 400g,Canned Goods,Fes,Online,70,8.7,4.93,No,609,344.95,263.72
2025-05-09 00:00:00,ORD-10353,Olive Oil 1L,Oils,Casablanca,Supermarket,88,81.36,59.82,No,7159.68,5264.33,1895.31
2025-08-21 00:00:00,ORD-10354,Orange Juice 1L,Beverages,Marrakech,Supermarket,66,17.41,11.03,No,1149.06,727.85,421.06
2025-12-08 00:00:00,ORD-10355,Apple Juice 1L,Beverages,Agadir,Retail,80,17.34,9.73,No,1387.2,778.02,609.56
2025-02-07 00:00:00,ORD-10356,Olive Oil 500ml,Oils,Marrakech,Supermarket,115,48.45,34.17,No,5571.75,3929.88,1642.31
2025-07-12 00:00:00,ORD-10357,Milk Powder 500g,Dairy,Fes,Supermarket,36,37.12,27.1,Yes,1336.32,975.47,360.78
2025-05-09 00:00:00,ORD-10358,Orange Juice 1L,Beverages,Agadir,Supermarket,139,17.89,11.16,No,2486.71,1551.67,934.81
2025-05-07 00:00:00,ORD-10359,Pasta 500g,Grains,Casablanca,Supermarket,124,13.4,8.16,No,1661.6,1012.25,649.76
2025-09-13 00:00:00,ORD-10360,UHT Milk 1L,Dairy,Casablanca,Retail,116,10.73,7.19,No,1244.68,834.19,411.02
2025-10-29 00:00:00,ORD-10361,Canned Peas 400g,Canned Goods,Marrakech,Online,81,12.22,7.24,No,989.82,586.22,403.62
2025-01-02 00:00:00,ORD-10362,Canned Tomatoes 400g,Canned Goods,Fes,Online,81,9.18,5.03,No,743.58,407.52,335.74
2025-11-29 00:00:00,ORD-10363,Apple Juice 1L,Beverages,Casablanca,Retail,111,16.13,10.02,Yes,1790.43,1111.69,679.02
2025-07-26 00:00:00,ORD-10364,Couscous 1kg,Grains,Casablanca,Wholesale,151,22.41,15.29,Yes,3383.91,2308.36,1074.98
2025-07-26 00:00:00,ORD-10365,Milk Powder 500g,Dairy,Casablanca,Retail,75,37.92,26.92,No,2844,2019.08,824.57
2025-09-11 00:00:00,ORD-10366,Canned Peas 400g,Canned Goods,Casablanca,Wholesale,209,11.08,7.2,Yes,2315.72,1505.62,809.73
2025-05-12 00:00:00,ORD-10367,Couscous 1kg,Grains,Marrakech,Supermarket,107,23.77,15.6,No,2543.39,1669.29,874.32
2025-03-27 00:00:00,ORD-10368,Apple Juice 1L,Beverages,Agadir,Supermarket,142,16.05,10.25,Yes,2279.1,1455.64,823.45
2025-09-03 00:00:00,ORD-10369,UHT Milk 1L,Dairy,Casablanca,Wholesale,103,11.35,6.92,No,1169.05,712.63,455.94
2025-05-09 00:00:00,ORD-10370,Olive Oil 500ml,Oils,Marrakech,Online,54,43.44,32.61,Yes,2345.76,1760.82,584.78
2025-05-02 00:00:00,ORD-10371,UHT Milk 1L,Dairy,Agadir,Supermarket,75,11.27,6.99,No,845.25,524.17,321.12
2025-09-01 00:00:00,ORD-10372,Milk Powder 500g,Dairy,Rabat,Wholesale,125,35.93,25.23,Yes,4491.25,3153.2,1337.67
2025-09-16 00:00:00,ORD-10373,Couscous 1kg,Grains,Marrakech,Supermarket,73,23.39,15.19,No,1707.47,1108.55,598.82
2025-04-04 00:00:00,ORD-10374,Canned Peas 400g,Canned Goods,Marrakech,Supermarket,120,11.29,7.23,Yes,1354.8,867.4,487.87
2025-03-06 00:00:00,ORD-10375,Couscous 1kg,Grains,Rabat,Retail,97,23.21,14.65,Yes,2251.37,1420.75,831.06
2025-07-27 00:00:00,ORD-10376,Orange Juice 1L,Beverages,Fes,Online,90,18.04,11.24,No,1623.6,1012,611.25
2025-10-02 00:00:00,ORD-10377,Apple Juice 1L,Beverages,Rabat,Supermarket,104,16.93,10.24,No,1760.72,1064.99,695.27
2025-01-21 00:00:00,ORD-10378,Orange Juice 1L,Beverages,Agadir,Supermarket,91,17.35,11.33,No,1578.85,1031.36,547.53
2025-08-08 00:00:00,ORD-10379,Pasta 500g,Grains,Marrakech,Retail,92,11.42,8.17,Yes,1050.64,751.47,299.13
2025-03-22 00:00:00,ORD-10380,Pasta 500g,Grains,Casablanca,Wholesale,146,13.45,8.01,No,1963.7,1168.97,795.07
2025-07-16 00:00:00,ORD-10381,Orange Juice 1L,Beverages,Rabat,Wholesale,98,18.11,11.22,No,1774.78,1099.71,675.53
2025-11-07 00:00:00,ORD-10382,Pasta 500g,Grains,Marrakech,Wholesale,248,12.54,8.14,No,3109.92,2019.05,1091.8
2025-08-10 00:00:00,ORD-10383,Olive Oil 500ml,Oils,Casablanca,Supermarket,119,41.29,34.32,Yes,4913.51,4083.53,830.26
2025-03-17 00:00:00,ORD-10384,Canned Tomatoes 400g,Canned Goods,Rabat,Supermarket,54,9.07,5.02,No,489.78,271.29,218.47
2025-02-09 00:00:00,ORD-10385,Apple Juice 1L,Beverages,Casablanca,Wholesale,214,17.65,10.29,No,3777.1,2202.33,1575.59
2025-01-21 00:00:00,ORD-10386,Milk Powder 500g,Dairy,Casablanca,Wholesale,74,35.12,26.94,Yes,2598.88,1993.48,605.22
2025-10-04 00:00:00,ORD-10387,Canned Tomatoes 400g,Canned Goods,Marrakech,Retail,73,8.67,5.16,No,632.91,377.03,256.09
2025-05-19 00:00:00,ORD-10388,Milk Powder 500g,Dairy,Casablanca,Supermarket,84,37.19,25.35,No,3123.96,2129.7,994.01
2025-01-28 00:00:00,ORD-10389,Canned Peas 400g,Canned Goods,Casablanca,Retail,78,11.83,7.21,No,922.74,562.73,359.85
2025-04-10 00:00:00,ORD-10390,Apple Juice 1L,Beverages,Marrakech,Retail,127,17.03,9.95,No,2162.81,1264.18,899.19
2025-07-11 00:00:00,ORD-10391,Olive Oil 500ml,Oils,Casablanca,Supermarket,119,48.62,32.11,No,5785.78,3820.57,1965.15
2025-10-01 00:00:00,ORD-10392,Canned Tomatoes 400g,Canned Goods,Casablanca,Supermarket,49,8.17,5.06,Yes,400.33,248.02,152.15
2025-07-16 00:00:00,ORD-10393,Olive Oil 1L,Oils,Rabat,Supermarket,116,82.32,57.29,No,9549.12,6645.55,2903.27
2025-05-30 00:00:00,ORD-10394,Olive Oil 1L,Oils,Agadir,Supermarket,105,79.8,59.09,Yes,8379,6204.63,2174.09
2025-07-18 00:00:00,ORD-10395,Apple Juice 1L,Beverages,Rabat,Online,91,16.89,10.01,No,1536.99,910.65,626.46
2025-06-09 00:00:00,ORD-10396,Apple Juice 1L,Beverages,Rabat,Online,76,17.64,9.75,No,1340.64,740.7,599.66
2025-05-29 00:00:00,ORD-10397,Apple Juice 1L,Beverages,Marrakech,Wholesale,147,17.24,10.06,No,2534.28,1479.55,1054.13
2025-05-01 00:00:00,ORD-10398,Olive Oil 500ml,Oils,Casablanca,Online,84,48.88,32.03,No,4105.92,2690.5,1415.23
2025-11-15 00:00:00,ORD-10399,Olive Oil 500ml,Oils,Marrakech,Supermarket,48,47.33,32.97,No,2271.84,1582.76,689.15
2025-05-05 00:00:00,ORD-10400,Canned Tomatoes 400g,Canned Goods,Marrakech,Supermarket,152,9.12,5.04,No,1386.24,765.88,620.37
2025-09-27 00:00:00,ORD-10401,Pasta 500g,Grains,Rabat,Supermarket,88,12.71,8.28,No,1118.48,728.77,389.83
2025-12-28 00:00:00,ORD-10402,Olive Oil 500ml,Oils,Casablanca,Retail,112,48.72,34.32,No,5456.64,3843.93,1612.82
2025-12-06 00:00:00,ORD-10403,Olive Oil 500ml,Oils,Fes,Supermarket,78,46.38,32.42,No,3617.64,2529.11,1088.9
2025-07-11 00:00:00,ORD-10404,Olive Oil 1L,Oils,Casablanca,Online,57,79.38,59.01,No,4524.66,3363.44,1161.28
2025-02-11 00:00:00,ORD-10405,Couscous 1kg,Grains,Marrakech,Supermarket,84,23.39,15.11,No,1964.76,1269.49,695.44
2025-03-14 00:00:00,ORD-10406,Canned Tomatoes 400g,Canned Goods,Rabat,Online,78,9.11,5.13,No,710.58,400.45,310.19
2025-03-21 00:00:00,ORD-10407,Canned Peas 400g,Canned Goods,Agadir,Retail,115,10.94,6.93,Yes,1258.1,796.39,461.71
2025-07-01 00:00:00,ORD-10408,Olive Oil 1L,Oils,Marrakech,Supermarket,59,84.11,57.7,No,4962.49,3404.08,1558.5
2025-11-30 00:00:00,ORD-10409,UHT Milk 1L,Dairy,Marrakech,Retail,77,10.35,7.25,Yes,796.95,558.59,238.12
2025-08-22 00:00:00,ORD-10410,UHT Milk 1L,Dairy,Casablanca,Wholesale,214,11.08,6.85,No,2371.12,1466.33,904.61
2025-05-02 00:00:00,ORD-10411,Olive Oil 1L,Oils,Fes,Supermarket,100,83.3,57.55,No,8330,5755.27,2574.74
2025-11-16 00:00:00,ORD-10412,Canned Peas 400g,Canned Goods,Agadir,Supermarket,104,11.24,7.06,Yes,1168.96,733.78,434.94
2025-02-11 00:00:00,ORD-10413,UHT Milk 1L,Dairy,Casablanca,Supermarket,106,11.09,7,No,1175.54,742.18,433.38
2025-06-21 00:00:00,ORD-10414,Canned Peas 400g,Canned Goods,Rabat,Supermarket,53,12.2,7.14,No,646.6,378.21,268.28
2025-11-29 00:00:00,ORD-10415,Olive Oil 1L,Oils,Rabat,Retail,84,83.74,58.34,No,7034.16,4900.21,2133.66
2025-05-23 00:00:00,ORD-10416,Canned Peas 400g,Canned Goods,Agadir,Retail,101,11.76,7.29,No,1187.76,735.93,451.7
2025-06-28 00:00:00,ORD-10417,Olive Oil 1L,Oils,Marrakech,Wholesale,103,82.77,56.96,No,8525.31,5867.26,2658.03
2025-11-04 00:00:00,ORD-10418,Couscous 1kg,Grains,Casablanca,Retail,101,22.82,15.09,Yes,2304.82,1523.61,780.85
2025-11-30 00:00:00,ORD-10419,Milk Powder 500g,Dairy,Rabat,Wholesale,178,37.4,26.73,Yes,6657.2,4757.05,1899.89
2025-02-05 00:00:00,ORD-10420,Orange Juice 1L,Beverages,Agadir,Supermarket,42,17.66,10.87,No,741.72,456.34,285.58
2025-03-24 00:00:00,ORD-10421,Olive Oil 500ml,Oils,Marrakech,Wholesale,183,45.89,33.21,No,8397.87,6076.98,2321.22
2025-09-30 00:00:00,ORD-10422,UHT Milk 1L,Dairy,Agadir,Online,53,11.41,7.05,No,604.73,373.69,230.98
2025-11-26 00:00:00,ORD-10423,Olive Oil 1L,Oils,Rabat,Retail,85,80,60.71,No,6800,5160.48,1639.69
2025-09-15 00:00:00,ORD-10424,Canned Peas 400g,Canned Goods,Marrakech,Wholesale,91,11.7,7.32,No,1064.7,665.68,398.95
2025-04-13 00:00:00,ORD-10425,Pasta 500g,Grains,Casablanca,Wholesale,176,13.14,7.86,No,2312.64,1383.73,928.52
2025-10-06 00:00:00,ORD-10426,Canned Tomatoes 400g,Canned Goods,Casablanca,Supermarket,95,8.88,5.03,No,843.6,478.01,365.45
2025-01-23 00:00:00,ORD-10427,Olive Oil 500ml,Oils,Rabat,Retail,92,48.67,33.14,No,4477.64,3048.58,1428.99
2025-03-27 00:00:00,ORD-10428,Apple Juice 1L,Beverages,Rabat,Supermarket,141,17.47,9.75,No,2463.27,1374.11,1088.68
2025-01-27 00:00:00,ORD-10429,Canned Peas 400g,Canned Goods,Casablanca,Supermarket,107,11.58,7.25,No,1239.06,776.08,463.1
2025-05-29 00:00:00,ORD-10430,Canned Tomatoes 400g,Canned Goods,Fes,Wholesale,244,8.09,4.99,Yes,1973.96,1217.94,755.25
2025-10-22 00:00:00,ORD-10431,Olive Oil 500ml,Oils,Rabat,Supermarket,89,44.62,34.6,Yes,3971.18,3079.67,891.26
2025-02-13 00:00:00,ORD-10432,Apple Juice 1L,Beverages,Rabat,Wholesale,232,16.45,9.85,No,3816.4,2285.4,1531.19
2025-07-17 00:00:00,ORD-10433,Olive Oil 1L,Oils,Marrakech,Online,57,85.18,59.41,No,4855.26,3386.14,1469.06
2025-05-05 00:00:00,ORD-10434,Olive Oil 1L,Oils,Agadir,Retail,102,84.87,57.45,No,8656.74,5860.31,2796.11
2025-10-25 00:00:00,ORD-10435,Milk Powder 500g,Dairy,Rabat,Supermarket,113,39.11,25.52,No,4419.43,2883.54,1535.53
2025-07-30 00:00:00,ORD-10436,Couscous 1kg,Grains,Rabat,Supermarket,71,24.28,15.02,No,1723.88,1066.11,658.05
2025-04-04 00:00:00,ORD-10437,UHT Milk 1L,Dairy,Rabat,Supermarket,123,11.37,7.3,No,1398.51,898.31,500.45
2025-09-28 00:00:00,ORD-10438,Canned Tomatoes 400g,Canned Goods,Agadir,Retail,86,7.9,4.99,Yes,679.4,429.2,249.93
2025-03-05 00:00:00,ORD-10439,Canned Peas 400g,Canned Goods,Fes,Retail,99,11.86,6.8,No,1174.14,672.93,501.27
2025-10-26 00:00:00,ORD-10440,Couscous 1kg,Grains,Casablanca,Supermarket,104,24.38,14.72,No,2535.52,1530.55,1004.5
2025-10-15 00:00:00,ORD-10441,Orange Juice 1L,Beverages,Marrakech,Supermarket,80,17.91,10.77,No,1432.8,861.49,571.52
2025-02-18 00:00:00,ORD-10442,UHT Milk 1L,Dairy,Rabat,Supermarket,99,10.81,6.99,No,1070.19,691.9,378.35
2025-09-19 00:00:00,ORD-10443,Pasta 500g,Grains,Agadir,Retail,69,12.6,8.12,No,869.4,560,309.36
2025-04-19 00:00:00,ORD-10444,Pasta 500g,Grains,Fes,Online,97,13.06,7.93,No,1266.82,769.54,496.81
2025-12-13 00:00:00,ORD-10445,Milk Powder 500g,Dairy,Rabat,Wholesale,83,38.2,25.31,No,3170.6,2100.68,1069.8
2025-01-02 00:00:00,ORD-10446,Olive Oil 1L,Oils,Fes,Supermarket,84,80.22,57.14,No,6738.48,4799.42,1938.74
2025-12-24 00:00:00,ORD-10447,Canned Peas 400g,Canned Goods,Agadir,Supermarket,117,12.14,7.19,No,1420.38,840.94,578.97
2025-07-27 00:00:00,ORD-10448,Canned Peas 400g,Canned Goods,Fes,Retail,86,11.62,7.16,No,999.32,615.95,383.46
2025-06-23 00:00:00,ORD-10449,Olive Oil 1L,Oils,Casablanca,Supermarket,84,82.84,58.21,No,6958.56,4889.95,2068.85
2025-01-14 00:00:00,ORD-10450,Olive Oil 1L,Oils,Casablanca,Retail,58,81.94,58.52,No,4752.52,3394.14,1358.65
2025-01-04 00:00:00,ORD-10451,Apple Juice 1L,Beverages,Fes,Retail,43,16.18,9.9,Yes,695.74,425.9,269.78
2025-11-14 00:00:00,ORD-10452,Apple Juice 1L,Beverages,Fes,Supermarket,48,15.5,10.45,Yes,744,501.44,242.34
2025-10-22 00:00:00,ORD-10453,Apple Juice 1L,Beverages,Marrakech,Retail,101,15.7,9.77,Yes,1585.7,986.61,598.73
2025-10-16 00:00:00,ORD-10454,Pasta 500g,Grains,Rabat,Retail,91,13.11,8.3,No,1193.01,755.48,437.39
2025-12-07 00:00:00,ORD-10455,Milk Powder 500g,Dairy,Fes,Retail,52,37.32,25.27,No,1940.64,1314.27,626.15
2025-01-30 00:00:00,ORD-10456,Couscous 1kg,Grains,Casablanca,Retail,85,23.6,15.17,No,2006,1289.87,716.24
2025-03-10 00:00:00,ORD-10457,Pasta 500g,Grains,Fes,Supermarket,19,13.18,8.27,No,250.42,157.11,93.28
2025-02-20 00:00:00,ORD-10458,UHT Milk 1L,Dairy,Fes,Retail,89,9.74,7.07,Yes,866.86,629.01,238.19
2025-04-20 00:00:00,ORD-10459,Pasta 500g,Grains,Marrakech,Retail,130,12.81,7.98,No,1665.3,1037.61,627.8
2025-04-11 00:00:00,ORD-10460,UHT Milk 1L,Dairy,Marrakech,Supermarket,93,11.13,6.87,No,1035.09,638.5,396.56
2025-05-16 00:00:00,ORD-10461,Milk Powder 500g,Dairy,Agadir,Supermarket,124,35.19,25.24,Yes,4363.56,3129.89,1233.4
2025-08-29 00:00:00,ORD-10462,Apple Juice 1L,Beverages,Casablanca,Online,85,17.57,10.15,No,1493.45,862.36,631.46
2025-07-08 00:00:00,ORD-10463,Couscous 1kg,Grains,Fes,Retail,80,23.56,14.72,No,1884.8,1177.28,707.17
2025-05-25 00:00:00,ORD-10464,Canned Tomatoes 400g,Canned Goods,Agadir,Supermarket,84,8.69,4.89,No,729.96,411.1,319.18
2025-01-28 00:00:00,ORD-10465,Canned Tomatoes 400g,Canned Goods,Marrakech,Supermarket,120,9.29,5.2,No,1114.8,624.14,491.04
2025-10-25 00:00:00,ORD-10466,Orange Juice 1L,Beverages,Marrakech,Supermarket,82,16.55,11.12,Yes,1357.1,911.83,445.47
2025-07-16 00:00:00,ORD-10467,Olive Oil 1L,Oils,Casablanca,Supermarket,49,79.1,60.21,No,3875.9,2950.06,925.64
2025-04-14 00:00:00,ORD-10468,Orange Juice 1L,Beverages,Casablanca,Wholesale,193,16.33,11.44,Yes,3151.69,2208.51,943.3
2025-09-10 00:00:00,ORD-10469,Apple Juice 1L,Beverages,Fes,Retail,76,16.66,9.76,No,1266.16,741.82,524.13
2025-02-25 00:00:00,ORD-10470,UHT Milk 1L,Dairy,Casablanca,Supermarket,99,10.79,6.9,No,1068.21,682.62,385.82
2025-01-18 00:00:00,ORD-10471,Olive Oil 1L,Oils,Casablanca,Online,65,83.68,57.78,No,5439.2,3755.86,1683.54
2025-12-09 00:00:00,ORD-10472,Orange Juice 1L,Beverages,Fes,Retail,89,17.71,11.5,Yes,1576.19,1023.06,553.5
2025-03-14 00:00:00,ORD-10473,Apple Juice 1L,Beverages,Rabat,Wholesale,275,16.33,9.93,No,4490.75,2730.9,1759.61
2025-09-24 00:00:00,ORD-10474,Canned Peas 400g,Canned Goods,Fes,Retail,72,12.45,7.04,No,896.4,506.59,389.67
2025-07-03 00:00:00,ORD-10475,Milk Powder 500g,Dairy,Marrakech,Retail,69,38.99,27.11,No,2690.31,1870.65,819.88
2025-03-05 00:00:00,ORD-10476,Apple Juice 1L,Beverages,Marrakech,Retail,137,17.09,10.26,No,2341.33,1405.62,935.12
2025-03-14 00:00:00,ORD-10477,Canned Peas 400g,Canned Goods,Marrakech,Wholesale,204,12.08,6.79,No,2464.32,1385.44,1079.84
2025-12-16 00:00:00,ORD-10478,Orange Juice 1L,Beverages,Marrakech,Supermarket,79,18.37,11.01,No,1451.23,870.18,581.2
2025-06-01 00:00:00,ORD-10479,Orange Juice 1L,Beverages,Casablanca,Retail,100,18.31,11.17,No,1831,1116.91,714.51
2025-09-29 00:00:00,ORD-10480,Milk Powder 500g,Dairy,Fes,Wholesale,166,38.63,27.27,No,6412.58,4527.64,1884.96
2025-03-31 00:00:00,ORD-10481,Apple Juice 1L,Beverages,Agadir,Wholesale,110,16.14,10.12,Yes,1775.4,1112.84,662.17
2025-08-11 00:00:00,ORD-10482,Orange Juice 1L,Beverages,Rabat,Retail,90,17.44,10.81,No,1569.6,972.46,596.81
2025-05-19 00:00:00,ORD-10483,Orange Juice 1L,Beverages,Casablanca,Supermarket,103,17.52,11.29,No,1804.56,1162.92,641.3
2025-04-19 00:00:00,ORD-10484,Canned Peas 400g,Canned Goods,Casablanca,Retail,113,12.37,7.09,No,1397.81,801.7,596.48
2025-07-17 00:00:00,ORD-10485,Orange Juice 1L,Beverages,Casablanca,Supermarket,56,18.72,10.77,No,1048.32,603.16,444.97
2025-03-31 00:00:00,ORD-10486,Orange Juice 1L,Beverages,Agadir,Retail,57,17.7,11.37,No,1008.9,648.27,360.69
2025-12-09 00:00:00,ORD-10487,Milk Powder 500g,Dairy,Agadir,Retail,83,38.01,27.1,No,3154.83,2249.41,905.58
2025-11-21 00:00:00,ORD-10488,Olive Oil 500ml,Oils,Agadir,Wholesale,181,48.27,32.82,No,8736.87,5940.4,2796.09
2025-03-07 00:00:00,ORD-10489,Canned Peas 400g,Canned Goods,Rabat,Supermarket,75,11.89,7.25,No,891.75,543.69,348.17
2025-06-04 00:00:00,ORD-10490,Couscous 1kg,Grains,Fes,Supermarket,93,23.81,15.42,No,2214.33,1433.78,780.67
2025-05-26 00:00:00,ORD-10491,Apple Juice 1L,Beverages,Fes,Retail,155,16.72,10.34,No,2591.6,1603.18,988.1
2025-01-23 00:00:00,ORD-10492,Pasta 500g,Grains,Fes,Supermarket,77,13.38,8.33,No,1030.26,641.03,389.56
2025-04-24 00:00:00,ORD-10493,Apple Juice 1L,Beverages,Casablanca,Supermarket,104,16.62,10.45,No,1728.48,1086.64,641.77
2025-10-09 00:00:00,ORD-10494,Olive Oil 1L,Oils,Rabat,Supermarket,60,76.35,59.11,Yes,4581,3546.82,1034.34
2025-01-06 00:00:00,ORD-10495,Orange Juice 1L,Beverages,Marrakech,Wholesale,222,16.99,11.22,Yes,3771.78,2490.22,1282.44
2025-03-31 00:00:00,ORD-10496,Couscous 1kg,Grains,Casablanca,Wholesale,187,24.74,15.36,No,4626.38,2871.75,1754.54
2025-11-30 00:00:00,ORD-10497,Canned Tomatoes 400g,Canned Goods,Rabat,Supermarket,111,8.94,5.09,No,992.34,564.5,427.76
2025-04-22 00:00:00,ORD-10498,Olive Oil 1L,Oils,Fes,Supermarket,135,80.53,56.4,No,10871.55,7614.02,3258.11
2025-02-11 00:00:00,ORD-10499,Orange Juice 1L,Beverages,Rabat,Supermarket,104,17.84,10.89,No,1855.36,1132.29,723.14
2025-06-07 00:00:00,ORD-10500,Orange Juice 1L,Beverages,Casablanca,Supermarket,115,16.05,10.81,Yes,1845.75,1243.09,602.88
2025-11-21 00:00:00,ORD-10501,Milk Powder 500g,Dairy,Agadir,Supermarket,37,39.19,26.63,No,1450.03,985.43,464.44
2025-05-24 00:00:00,ORD-10502,Couscous 1kg,Grains,Casablanca,Supermarket,107,24.15,14.98,No,2584.05,1603.07,980.51
2025-11-05 00:00:00,ORD-10503,Canned Tomatoes 400g,Canned Goods,Casablanca,Supermarket,71,8.87,5.08,No,629.77,360.58,269.32
2025-04-19 00:00:00,ORD-10504,Couscous 1kg,Grains,Rabat,Wholesale,156,23.98,14.77,No,3740.88,2304.33,1435.79
2025-10-05 00:00:00,ORD-10505,Olive Oil 1L,Oils,Casablanca,Online,89,78.98,59.05,No,7029.22,5255.03,1773.77
2025-08-16 00:00:00,ORD-10506,Olive Oil 1L,Oils,Marrakech,Wholesale,180,79.03,56.37,No,14225.4,10147.49,4078.06
2025-01-15 00:00:00,ORD-10507,Milk Powder 500g,Dairy,Agadir,Supermarket,119,36.66,25.54,No,4362.54,3039.08,1324.05
2025-08-30 00:00:00,ORD-10508,Pasta 500g,Grains,Marrakech,Retail,66,13.27,8.4,No,875.82,554.07,321.66
2025-07-30 00:00:00,ORD-10509,Canned Peas 400g,Canned Goods,Agadir,Wholesale,190,12.42,7.06,No,2359.8,1340.66,1018.62
2025-03-02 00:00:00,ORD-10510,Canned Tomatoes 400g,Canned Goods,Marrakech,Online,72,9.22,5.23,No,663.84,376.9,286.62
2025-08-10 00:00:00,ORD-10511,Couscous 1kg,Grains,Fes,Wholesale,122,24.14,15.24,No,2945.08,1859.89,1085.33
2025-11-26 00:00:00,ORD-10512,Olive Oil 500ml,Oils,Agadir,Supermarket,120,46.78,32.57,No,5613.6,3908.11,1705.37
2025-06-19 00:00:00,ORD-10513,Olive Oil 500ml,Oils,Agadir,Retail,157,46.06,34.32,No,7231.42,5388.82,1842.7
2025-10-06 00:00:00,ORD-10514,Pasta 500g,Grains,Casablanca,Supermarket,79,13.26,8.06,No,1047.54,636.53,411.12
2025-05-17 00:00:00,ORD-10515,Pasta 500g,Grains,Casablanca,Supermarket,121,12.42,7.82,Yes,1502.82,945.8,557.24
2025-04-25 00:00:00,ORD-10516,Couscous 1kg,Grains,Rabat,Wholesale,183,24.31,15.31,No,4448.73,2801.14,1647.8
2025-08-28 00:00:00,ORD-10517,Apple Juice 1L,Beverages,Agadir,Wholesale,96,16.99,10.26,No,1631.04,985.3,645.56
2025-08-14 00:00:00,ORD-10518,Olive Oil 1L,Oils,Fes,Online,40,84.84,57.31,No,3393.6,2292.38,1101.23
2025-05-11 00:00:00,ORD-10519,UHT Milk 1L,Dairy,Agadir,Online,77,11.17,6.91,No,860.09,532.38,328.04
2025-09-08 00:00:00,ORD-10520,Pasta 500g,Grains,Rabat,Supermarket,100,13.15,8.26,No,1315,825.82,489.67
2025-08-24 00:00:00,ORD-10521,Milk Powder 500g,Dairy,Casablanca,Supermarket,68,37.02,25.26,No,2517.36,1717.81,799.67
2025-01-19 00:00:00,ORD-10522,Olive Oil 500ml,Oils,Marrakech,Retail,114,47.25,32.37,No,5386.5,3690.54,1696.5
2025-11-17 00:00:00,ORD-10523,UHT Milk 1L,Dairy,Rabat,Retail,92,10.81,7.17,No,994.52,660.01,334.16
2025-10-20 00:00:00,ORD-10524,Orange Juice 1L,Beverages,Fes,Retail,72,17.09,10.91,Yes,1230.48,785.39,444.94
2025-02-17 00:00:00,ORD-10525,Pasta 500g,Grains,Agadir,Retail,119,12.91,8.06,No,1536.29,959.25,577.08
2025-04-15 00:00:00,ORD-10526,Couscous 1kg,Grains,Casablanca,Wholesale,164,23.58,15.37,No,3867.12,2520.53,1347.14
2025-11-11 00:00:00,ORD-10527,Canned Tomatoes 400g,Canned Goods,Marrakech,Retail,81,9.15,4.94,No,741.15,400.51,340.48
2025-01-27 00:00:00,ORD-10528,Couscous 1kg,Grains,Casablanca,Supermarket,111,24.2,14.81,No,2686.2,1644.34,1041.8
2025-05-19 00:00:00,ORD-10529,Orange Juice 1L,Beverages,Casablanca,Wholesale,154,17.32,11.26,No,2667.28,1734.78,932.6
2025-01-03 00:00:00,ORD-10530,Pasta 500g,Grains,Agadir,Supermarket,107,12.18,8,Yes,1303.26,855.7,447.58
2025-11-04 00:00:00,ORD-10531,Couscous 1kg,Grains,Rabat,Supermarket,54,23.04,15.69,No,1244.16,847.45,396.91
2025-02-22 00:00:00,ORD-10532,Olive Oil 1L,Oils,Casablanca,Wholesale,151,81.76,60.78,No,12345.76,9177.99,3167.98
2025-03-24 00:00:00,ORD-10533,Olive Oil 1L,Oils,Agadir,Wholesale,221,74.86,58.65,Yes,16544.06,12962.44,3581.45
2025-09-17 00:00:00,ORD-10534,UHT Milk 1L,Dairy,Agadir,Retail,64,10.68,6.9,No,683.52,441.45,241.91
2025-06-06 00:00:00,ORD-10535,Olive Oil 500ml,Oils,Fes,Wholesale,158,47.63,34.16,No,7525.54,5396.66,2129.44
2025-06-17 00:00:00,ORD-10536,Orange Juice 1L,Beverages,Marrakech,Wholesale,154,18.53,11.01,No,2853.62,1695.54,1157.5
2025-07-21 00:00:00,ORD-10537,Pasta 500g,Grains,Casablanca,Retail,118,12.93,7.9,No,1525.74,932.13,593.34
2025-11-12 00:00:00,ORD-10538,Orange Juice 1L,Beverages,Casablanca,Online,48,18.05,11.4,No,866.4,547.16,319.37
2025-02-06 00:00:00,ORD-10539,Olive Oil 500ml,Oils,Agadir,Retail,59,45.26,33.32,No,2670.34,1966.02,704.05
2025-01-26 00:00:00,ORD-10540,Couscous 1kg,Grains,Casablanca,Retail,171,21.12,14.78,Yes,3611.52,2527.22,1084.37
2025-04-29 00:00:00,ORD-10541,Canned Tomatoes 400g,Canned Goods,Rabat,Online,35,8.51,5.02,Yes,297.85,175.71,122.07
2025-05-03 00:00:00,ORD-10542,Apple Juice 1L,Beverages,Agadir,Wholesale,263,17.67,10.46,No,4647.21,2750.33,1895.6
2025-09-01 00:00:00,ORD-10543,Olive Oil 500ml,Oils,Casablanca,Supermarket,85,46.15,32.92,No,3922.75,2798.24,1124.48
2025-05-03 00:00:00,ORD-10544,Olive Oil 1L,Oils,Casablanca,Supermarket,70,77.22,58.68,Yes,5405.4,4107.71,1297.6
2025-09-19 00:00:00,ORD-10545,Olive Oil 500ml,Oils,Rabat,Supermarket,66,44.12,32.24,Yes,2911.92,2127.88,783.72
2025-08-06 00:00:00,ORD-10546,Milk Powder 500g,Dairy,Marrakech,Supermarket,27,34.47,27.28,Yes,930.69,736.56,194.25
2025-06-21 00:00:00,ORD-10547,Apple Juice 1L,Beverages,Agadir,Retail,119,16.64,9.71,No,1980.16,1155.64,824.91
2025-09-02 00:00:00,ORD-10548,Olive Oil 1L,Oils,Casablanca,Supermarket,58,81.06,60.21,No,4701.48,3492.33,1209.3
2025-05-31 00:00:00,ORD-10549,Couscous 1kg,Grains,Marrakech,Supermarket,35,21.87,14.87,Yes,765.45,520.33,245.22
2025-12-30 00:00:00,ORD-10550,Olive Oil 500ml,Oils,Agadir,Supermarket,60,46.06,33.21,No,2763.6,1992.32,771.42
2025-12-18 00:00:00,ORD-10551,Olive Oil 1L,Oils,Fes,Supermarket,69,84.64,59.96,No,5840.16,4136.94,1703.19
2025-04-03 00:00:00,ORD-10552,Apple Juice 1L,Beverages,Marrakech,Wholesale,244,17.01,9.98,No,4150.44,2436.11,1715.5
2025-10-09 00:00:00,ORD-10553,Canned Tomatoes 400g,Canned Goods,Marrakech,Supermarket,88,9.25,5,No,814,440.14,373.84
2025-01-16 00:00:00,ORD-10554,Orange Juice 1L,Beverages,Casablanca,Wholesale,158,17.97,10.9,No,2839.26,1721.98,1117.59
2025-08-30 00:00:00,ORD-10555,Couscous 1kg,Grains,Casablanca,Retail,36,24.32,15.21,No,875.52,547.44,328.25
2025-06-29 00:00:00,ORD-10556,Milk Powder 500g,Dairy,Fes,Wholesale,197,37.68,26.88,No,7422.96,5296.18,2127.01
2025-06-27 00:00:00,ORD-10557,Apple Juice 1L,Beverages,Fes,Supermarket,69,15.95,10.26,Yes,1100.55,707.68,392.7
2025-10-26 00:00:00,ORD-10558,Apple Juice 1L,Beverages,Rabat,Retail,77,16.56,9.72,No,1275.12,748.69,526.26
2025-10-25 00:00:00,ORD-10559,Milk Powder 500g,Dairy,Marrakech,Retail,63,37.6,25.79,No,2368.8,1624.79,744.21
2025-04-18 00:00:00,ORD-10560,Canned Peas 400g,Canned Goods,Casablanca,Retail,73,12.11,6.83,No,884.03,498.66,385.54
2025-09-03 00:00:00,ORD-10561,Olive Oil 500ml,Oils,Rabat,Wholesale,115,42.24,33.57,Yes,4857.6,3860.6,997.11
2025-02-24 00:00:00,ORD-10562,Canned Tomatoes 400g,Canned Goods,Fes,Online,68,9.04,4.97,No,614.72,338.12,276.81
2025-04-25 00:00:00,ORD-10563,Apple Juice 1L,Beverages,Rabat,Wholesale,272,17.03,9.96,No,4632.16,2708.39,1922.49
2025-08-14 00:00:00,ORD-10564,Orange Juice 1L,Beverages,Fes,Retail,94,17.26,10.95,Yes,1622.44,1029.28,592.88
2025-07-10 00:00:00,ORD-10565,Milk Powder 500g,Dairy,Agadir,Wholesale,153,39.51,25.54,No,6045.03,3907.21,2137.72
2025-01-15 00:00:00,ORD-10566,UHT Milk 1L,Dairy,Casablanca,Wholesale,168,11.11,7.03,No,1866.48,1180.93,685.82
2025-02-21 00:00:00,ORD-10567,UHT Milk 1L,Dairy,Marrakech,Supermarket,99,11.18,7.24,No,1106.82,716.32,390.91
2025-08-20 00:00:00,ORD-10568,Pasta 500g,Grains,Marrakech,Supermarket,90,12.75,7.78,No,1147.5,700.2,446.89
2025-02-06 00:00:00,ORD-10569,Canned Tomatoes 400g,Canned Goods,Casablanca,Retail,126,9.06,4.85,No,1141.56,611.42,529.92
2025-05-30 00:00:00,ORD-10570,Apple Juice 1L,Beverages,Rabat,Retail,85,16.7,10.39,No,1419.5,882.98,536.61
2025-04-26 00:00:00,ORD-10571,Pasta 500g,Grains,Marrakech,Supermarket,99,13.04,8.05,No,1290.96,797.36,493.4
2025-11-19 00:00:00,ORD-10572,Apple Juice 1L,Beverages,Fes,Online,54,17.08,10.19,No,922.32,550.23,371.85
2025-07-23 00:00:00,ORD-10573,Apple Juice 1L,Beverages,Marrakech,Online,92,16.05,10.44,Yes,1476.6,960.02,516.21
2025-12-20 00:00:00,ORD-10574,Orange Juice 1L,Beverages,Rabat,Supermarket,69,17.4,11.31,No,1200.6,780.17,420.17
2025-12-30 00:00:00,ORD-10575,UHT Milk 1L,Dairy,Fes,Supermarket,83,10.32,6.85,Yes,856.56,568.33,288.54
2025-09-07 00:00:00,ORD-10576,Couscous 1kg,Grains,Fes,Supermarket,117,24.48,14.78,No,2864.16,1729.03,1135.37
2025-09-06 00:00:00,ORD-10577,Olive Oil 1L,Oils,Casablanca,Supermarket,64,81.67,56.79,No,5226.88,3634.34,1592.4
2025-07-24 00:00:00,ORD-10578,UHT Milk 1L,Dairy,Rabat,Wholesale,195,11.16,6.89,No,2176.2,1343.89,832.77
2025-04-23 00:00:00,ORD-10579,Olive Oil 1L,Oils,Casablanca,Supermarket,99,82.68,57.08,No,8185.32,5650.8,2534.23
2025-12-18 00:00:00,ORD-10580,UHT Milk 1L,Dairy,Casablanca,Online,54,11.24,6.83,No,606.96,368.69,238.28
2025-07-23 00:00:00,ORD-10581,Olive Oil 500ml,Oils,Casablanca,Online,66,48.06,34.2,No,3171.96,2256.95,915.28
2025-02-19 00:00:00,ORD-10582,Milk Powder 500g,Dairy,Marrakech,Wholesale,164,36.54,25.63,No,5992.56,4202.86,1790.22
2025-08-09 00:00:00,ORD-10583,Orange Juice 1L,Beverages,Casablanca,Supermarket,74,18.5,10.73,No,1369,794.18,574.71
2025-11-04 00:00:00,ORD-10584,Olive Oil 1L,Oils,Casablanca,Online,73,84.54,57.57,No,6171.42,4202.88,1968.77
2025-07-06 00:00:00,ORD-10585,Orange Juice 1L,Beverages,Fes,Retail,109,18.42,11.34,No,2007.78,1235.64,772.37
2025-07-05 00:00:00,ORD-10586,Apple Juice 1L,Beverages,Casablanca,Wholesale,110,15.14,10.39,Yes,1665.4,1142.39,522.7
2025-11-24 00:00:00,ORD-10587,Couscous 1kg,Grains,Fes,Supermarket,49,23.29,15.63,No,1141.21,765.67,375.5
2025-12-07 00:00:00,ORD-10588,Olive Oil 500ml,Oils,Agadir,Supermarket,145,45.44,32.18,No,6588.8,4666.44,1921.95
2025-03-13 00:00:00,ORD-10589,Olive Oil 1L,Oils,Marrakech,Wholesale,192,82.59,58.73,No,15857.28,11276.8,4579.66
2025-04-20 00:00:00,ORD-10590,Canned Tomatoes 400g,Canned Goods,Casablanca,Wholesale,292,8.65,4.9,No,2525.8,1430.87,1094.58
2025-05-23 00:00:00,ORD-10591,UHT Milk 1L,Dairy,Casablanca,Online,78,11.26,6.93,No,878.28,540.92,337.54
2025-10-13 00:00:00,ORD-10592,Orange Juice 1L,Beverages,Rabat,Retail,113,18.51,11.02,No,2091.63,1245.18,846.36
2025-08-04 00:00:00,ORD-10593,Orange Juice 1L,Beverages,Marrakech,Retail,57,16.33,11.32,Yes,930.81,645.38,285.42
2025-05-18 00:00:00,ORD-10594,Orange Juice 1L,Beverages,Agadir,Supermarket,126,17.07,10.73,Yes,2150.82,1352.22,798.85
2025-04-05 00:00:00,ORD-10595,Olive Oil 1L,Oils,Rabat,Retail,126,74.3,57.35,Yes,9361.8,7225.74,2135.68
2025-07-16 00:00:00,ORD-10596,Canned Peas 400g,Canned Goods,Agadir,Wholesale,159,12.32,6.89,No,1958.88,1095.9,862.83
2025-12-31 00:00:00,ORD-10597,Olive Oil 1L,Oils,Marrakech,Supermarket,101,84.97,57.72,No,8581.97,5829.36,2752.25
2025-09-13 00:00:00,ORD-10598,Milk Powder 500g,Dairy,Fes,Supermarket,75,39.46,26.77,No,2959.5,2007.67,951.49
2025-08-07 00:00:00,ORD-10599,Olive Oil 500ml,Oils,Casablanca,Retail,76,46.19,32.32,No,3510.44,2456.6,1053.68
2025-05-29 00:00:00,ORD-10600,UHT Milk 1L,Dairy,Rabat,Retail,117,10.73,7.29,No,1255.41,853.15,402.47
2025-03-24 00:00:00,ORD-10601,Olive Oil 1L,Oils,Marrakech,Supermarket,75,84.24,60.51,No,6318,4538.02,1780.26
2025-07-03 00:00:00,ORD-10602,Pasta 500g,Grains,Rabat,Wholesale,127,12.36,8.18,Yes,1569.72,1038.63,530.69
2025-01-18 00:00:00,ORD-10603,Pasta 500g,Grains,Casablanca,Supermarket,97,12.6,8.24,Yes,1222.2,799.07,422.82
2025-07-05 00:00:00,ORD-10604,Olive Oil 1L,Oils,Casablanca,Retail,74,81.18,60.32,No,6007.32,4463.69,1543.93
2025-10-04 00:00:00,ORD-10605,Olive Oil 500ml,Oils,Casablanca,Supermarket,25,43.62,33.42,Yes,1090.5,835.54,254.99
2025-12-09 00:00:00,ORD-10606,Olive Oil 1L,Oils,Rabat,Retail,105,75.6,59.01,Yes,7938,6195.82,1742.68
2025-04-03 00:00:00,ORD-10607,Pasta 500g,Grains,Rabat,Supermarket,77,12.21,8.29,Yes,940.17,638.49,301.92
2025-02-06 00:00:00,ORD-10608,Pasta 500g,Grains,Marrakech,Retail,146,11.74,7.79,Yes,1714.04,1136.78,577.4
2025-04-11 00:00:00,ORD-10609,Pasta 500g,Grains,Agadir,Online,31,12.88,8.07,No,399.28,250.27,148.91
2025-04-14 00:00:00,ORD-10610,UHT Milk 1L,Dairy,Rabat,Wholesale,59,11.14,7.09,No,657.26,418.05,239.28
2025-03-27 00:00:00,ORD-10611,Pasta 500g,Grains,Rabat,Retail,73,12.92,8.03,No,943.16,585.86,357.14
2025-05-11 00:00:00,ORD-10612,Pasta 500g,Grains,Agadir,Supermarket,115,12.63,7.91,Yes,1452.45,909.73,542.93
2025-02-04 00:00:00,ORD-10613,Apple Juice 1L,Beverages,Casablanca,Retail,122,17.21,10.13,No,2099.62,1235.74,863.9
2025-11-25 00:00:00,ORD-10614,Couscous 1kg,Grains,Fes,Online,35,24.56,14.84,No,859.6,519.39,340.12
2025-05-26 00:00:00,ORD-10615,Orange Juice 1L,Beverages,Casablanca,Wholesale,141,18.05,11.13,No,2545.05,1569.6,975.22
2025-11-13 00:00:00,ORD-10616,Orange Juice 1L,Beverages,Agadir,Supermarket,89,17.97,11.1,No,1599.33,988.31,610.99
2025-03-21 00:00:00,ORD-10617,Orange Juice 1L,Beverages,Fes,Supermarket,90,17.94,10.78,No,1614.6,970.65,644.22
2025-06-17 00:00:00,ORD-10618,Pasta 500g,Grains,Casablanca,Supermarket,98,13.09,8.09,No,1282.82,792.83,490.24
2025-11-10 00:00:00,ORD-10619,Orange Juice 1L,Beverages,Rabat,Supermarket,81,17.71,11.34,No,1434.51,918.67,515.83
2025-12-24 00:00:00,ORD-10620,Couscous 1kg,Grains,Rabat,Retail,98,24.45,15.22,No,2396.1,1491.51,904.4
2025-01-18 00:00:00,ORD-10621,Canned Peas 400g,Canned Goods,Fes,Supermarket,115,11.82,7.16,No,1359.3,822.97,536.84
2025-11-09 00:00:00,ORD-10622,Milk Powder 500g,Dairy,Marrakech,Supermarket,98,36.91,25.98,No,3617.18,2546.19,1070.99
2025-12-03 00:00:00,ORD-10623,Olive Oil 1L,Oils,Rabat,Online,39,80.52,60.81,No,3140.28,2371.48,768.92
2025-03-17 00:00:00,ORD-10624,Couscous 1kg,Grains,Fes,Supermarket,71,23.04,15.36,No,1635.84,1090.62,545.44
2025-05-06 00:00:00,ORD-10625,Couscous 1kg,Grains,Fes,Wholesale,107,23.4,14.84,Yes,2503.8,1588,915.92
2025-01-04 00:00:00,ORD-10626,Couscous 1kg,Grains,Fes,Supermarket,105,23.11,15.21,No,2426.55,1597.52,829.17
2025-12-03 00:00:00,ORD-10627,UHT Milk 1L,Dairy,Casablanca,Online,60,11.31,6.9,No,678.6,413.81,264.6
2025-04-23 00:00:00,ORD-10628,Orange Juice 1L,Beverages,Rabat,Retail,85,18.42,11.42,No,1565.7,970.52,595.05
2025-09-29 00:00:00,ORD-10629,Apple Juice 1L,Beverages,Marrakech,Wholesale,142,17.2,10.41,No,2442.4,1477.77,963.99
2025-11-07 00:00:00,ORD-10630,Couscous 1kg,Grains,Casablanca,Wholesale,161,23.08,14.77,Yes,3715.88,2377.68,1337.53
2025-12-01 00:00:00,ORD-10631,Pasta 500g,Grains,Casablanca,Retail,76,13.16,8.21,No,1000.16,623.8,376.19
2025-09-30 00:00:00,ORD-10632,Pasta 500g,Grains,Agadir,Supermarket,105,13.38,7.95,No,1404.9,835.2,569.56
2025-01-27 00:00:00,ORD-10633,Canned Tomatoes 400g,Canned Goods,Casablanca,Supermarket,87,8.37,5.05,Yes,728.19,439.77,288.77
2025-04-14 00:00:00,ORD-10634,Couscous 1kg,Grains,Agadir,Retail,97,23.05,14.95,Yes,2235.85,1449.87,785.74
2025-06-24 00:00:00,ORD-10635,Olive Oil 500ml,Oils,Casablanca,Supermarket,131,46.14,33.72,No,6044.34,4417.59,1626.75
2025-12-17 00:00:00,ORD-10636,Olive Oil 1L,Oils,Casablanca,Wholesale,163,72.04,58.46,Yes,11742.52,9528.7,2213.36
2025-06-08 00:00:00,ORD-10637,Olive Oil 1L,Oils,Casablanca,Online,90,74.93,60.18,Yes,6743.7,5416.03,1327.22
2025-07-20 00:00:00,ORD-10638,Orange Juice 1L,Beverages,Rabat,Supermarket,86,18.55,10.76,No,1595.3,925.75,669.57
2025-12-29 00:00:00,ORD-10639,UHT Milk 1L,Dairy,Rabat,Wholesale,166,10.63,7.11,No,1764.58,1180.99,584.11
2025-02-08 00:00:00,ORD-10640,Milk Powder 500g,Dairy,Fes,Supermarket,119,36.59,25.8,No,4354.21,3070.79,1282.96
2025-01-14 00:00:00,ORD-10641,Canned Tomatoes 400g,Canned Goods,Rabat,Supermarket,100,8.87,4.87,Yes,887,486.86,399.92
2025-05-05 00:00:00,ORD-10642,Canned Peas 400g,Canned Goods,Fes,Online,47,11.95,7.27,No,561.65,341.68,220.21
2025-10-10 00:00:00,ORD-10643,Canned Peas 400g,Canned Goods,Casablanca,Supermarket,71,11.9,7.16,No,844.9,508.67,336.51
2025-06-03 00:00:00,ORD-10644,Milk Powder 500g,Dairy,Casablanca,Retail,114,37.83,25.93,No,4312.62,2956.25,1356.47
2025-11-17 00:00:00,ORD-10645,Pasta 500g,Grains,Rabat,Supermarket,123,12.65,7.98,No,1555.95,981.75,574.7
2025-06-21 00:00:00,ORD-10646,Canned Peas 400g,Canned Goods,Casablanca,Retail,90,11.71,6.98,No,1053.9,628.48,425.07
2025-06-03 00:00:00,ORD-10647,UHT Milk 1L,Dairy,Marrakech,Supermarket,117,10.8,7.13,No,1263.6,834.56,428.49
2025-10-10 00:00:00,ORD-10648,Olive Oil 1L,Oils,Casablanca,Wholesale,146,81.41,57.73,No,11885.86,8428.34,3457.49
2025-05-28 00:00:00,ORD-10649,Apple Juice 1L,Beverages,Casablanca,Supermarket,73,17.25,9.74,No,1259.25,710.99,548.06
2025-05-07 00:00:00,ORD-10650,Olive Oil 500ml,Oils,Marrakech,Supermarket,161,46.2,32.2,No,7438.2,5184.04,2253.37
2025-03-24 00:00:00,ORD-10651,Olive Oil 1L,Oils,Casablanca,Retail,56,74.55,57.95,Yes,4174.8,3245.17,929.77
2025-03-13 00:00:00,ORD-10652,Milk Powder 500g,Dairy,Agadir,Retail,86,36.68,27.16,No,3154.48,2335.66,818.67
2025-04-28 00:00:00,ORD-10653,UHT Milk 1L,Dairy,Marrakech,Online,78,10.8,7.16,No,842.4,558.4,283.99
2025-02-01 00:00:00,ORD-10654,UHT Milk 1L,Dairy,Casablanca,Wholesale,147,10.56,7.04,No,1552.32,1034.89,518
2025-12-13 00:00:00,ORD-10655,Olive Oil 1L,Oils,Rabat,Retail,46,76.26,60.89,Yes,3507.96,2800.9,706.85
2025-12-03 00:00:00,ORD-10656,Apple Juice 1L,Beverages,Marrakech,Online,103,17.34,9.81,No,1786.02,1010.37,775.59
2025-02-19 00:00:00,ORD-10657,Canned Tomatoes 400g,Canned Goods,Casablanca,Supermarket,108,8.87,4.92,No,957.96,531.64,426.04
2025-12-31 00:00:00,ORD-10658,Olive Oil 500ml,Oils,Casablanca,Wholesale,154,45.9,32.13,No,7068.6,4948.27,2121.07
2025-04-26 00:00:00,ORD-10659,Milk Powder 500g,Dairy,Fes,Wholesale,170,37.81,26.42,No,6427.7,4492.14,1934.91
2025-03-07 00:00:00,ORD-10660,UHT Milk 1L,Dairy,Fes,Retail,116,10.57,6.92,No,1226.12,802.99,423.59
2025-09-21 00:00:00,ORD-10661,UHT Milk 1L,Dairy,Marrakech,Retail,39,10.5,7.02,Yes,409.5,273.79,135.76
2025-04-18 00:00:00,ORD-10662,Milk Powder 500g,Dairy,Rabat,Retail,119,38.28,25.84,No,4555.32,3075.28,1480.59
2025-01-15 00:00:00,ORD-10663,Canned Tomatoes 400g,Canned Goods,Fes,Supermarket,84,7.85,4.91,Yes,659.4,412.64,246.49
2025-01-06 00:00:00,ORD-10664,Orange Juice 1L,Beverages,Casablanca,Supermarket,126,17.71,10.79,No,2231.46,1359.71,872.27
2025-02-13 00:00:00,ORD-10665,Canned Tomatoes 400g,Canned Goods,Rabat,Wholesale,283,9.22,4.9,No,2609.26,1386.74,1222.53
2025-11-12 00:00:00,ORD-10666,Olive Oil 1L,Oils,Agadir,Retail,83,74.94,60.37,Yes,6220.02,5010.88,1208.81
2025-04-14 00:00:00,ORD-10667,Couscous 1kg,Grains,Fes,Wholesale,113,23.5,15.08,No,2655.5,1704.16,950.97
2025-12-02 00:00:00,ORD-10668,Canned Tomatoes 400g,Canned Goods,Casablanca,Supermarket,136,9.01,5.07,No,1225.36,689.76,536.13
2025-10-17 00:00:00,ORD-10669,Couscous 1kg,Grains,Fes,Retail,154,22.64,14.96,Yes,3486.56,2303.59,1183.26
2025-09-13 00:00:00,ORD-10670,Orange Juice 1L,Beverages,Fes,Supermarket,125,18.72,10.87,No,2340,1358.5,981.45
2025-12-28 00:00:00,ORD-10671,Couscous 1kg,Grains,Casablanca,Supermarket,108,23.46,15.16,No,2533.68,1637.03,897.1
2025-08-16 00:00:00,ORD-10672,Orange Juice 1L,Beverages,Fes,Retail,66,17.48,11.17,Yes,1153.68,737.45,416.27
2025-05-05 00:00:00,ORD-10673,Orange Juice 1L,Beverages,Rabat,Wholesale,86,16.57,11.5,Yes,1425.02,988.85,436.4
2025-11-15 00:00:00,ORD-10674,Pasta 500g,Grains,Fes,Wholesale,163,12.9,8.01,No,2102.7,1305.53,797.86
2025-08-29 00:00:00,ORD-10675,Olive Oil 500ml,Oils,Casablanca,Online,85,45.93,33.29,No,3904.05,2829.68,1074.59
2025-04-28 00:00:00,ORD-10676,Canned Peas 400g,Canned Goods,Casablanca,Wholesale,183,11.76,7.14,No,2152.08,1307.24,845
2025-08-24 00:00:00,ORD-10677,Olive Oil 500ml,Oils,Casablanca,Wholesale,144,43.67,33.58,Yes,6288.48,4835.72,1452.39
2025-08-18 00:00:00,ORD-10678,Apple Juice 1L,Beverages,Marrakech,Wholesale,122,17.21,10.25,No,2099.62,1250.85,848.96
2025-07-31 00:00:00,ORD-10679,Couscous 1kg,Grains,Fes,Supermarket,64,22.36,14.84,Yes,1431.04,949.86,480.89
2025-01-30 00:00:00,ORD-10680,Pasta 500g,Grains,Fes,Supermarket,100,12.73,7.91,No,1273,791.08,482.26
2025-05-06 00:00:00,ORD-10681,Olive Oil 1L,Oils,Casablanca,Supermarket,124,82.83,56.59,No,10270.92,7016.98,3254.05
2025-03-03 00:00:00,ORD-10682,Pasta 500g,Grains,Agadir,Retail,97,12.7,8.28,No,1231.9,803.12,428.45
2025-04-21 00:00:00,ORD-10683,Apple Juice 1L,Beverages,Agadir,Supermarket,125,15.4,10.21,Yes,1925,1275.81,648.97
2025-07-22 00:00:00,ORD-10684,Olive Oil 500ml,Oils,Agadir,Supermarket,97,47.77,32.95,No,4633.69,3195.97,1437.35
2025-08-30 00:00:00,ORD-10685,UHT Milk 1L,Dairy,Casablanca,Supermarket,113,11.1,6.91,No,1254.3,781.07,473.38
2025-07-09 00:00:00,ORD-10686,Canned Tomatoes 400g,Canned Goods,Fes,Supermarket,87,9.2,5.11,No,800.4,444.6,355.57
2025-11-03 00:00:00,ORD-10687,Canned Peas 400g,Canned Goods,Casablanca,Supermarket,99,11.14,6.95,Yes,1102.86,688.36,414.49
2025-11-09 00:00:00,ORD-10688,UHT Milk 1L,Dairy,Casablanca,Retail,92,11.3,7.28,No,1039.6,669.97,369.55
2025-06-20 00:00:00,ORD-10689,Canned Tomatoes 400g,Canned Goods,Marrakech,Retail,137,9.07,4.86,No,1242.59,665.85,576.23
2025-02-10 00:00:00,ORD-10690,Olive Oil 1L,Oils,Agadir,Supermarket,111,80.02,60.42,No,8882.22,6706.2,2176.02
2025-10-08 00:00:00,ORD-10691,Olive Oil 500ml,Oils,Agadir,Wholesale,181,42.78,32.66,Yes,7743.18,5911.26,1832.62
2025-02-25 00:00:00,ORD-10692,Apple Juice 1L,Beverages,Casablanca,Wholesale,187,16.63,10.04,No,3109.81,1876.98,1232.21
2025-06-28 00:00:00,ORD-10693,UHT Milk 1L,Dairy,Rabat,Wholesale,151,11.04,7.13,No,1667.04,1076.25,591.35
2025-07-05 00:00:00,ORD-10694,Olive Oil 1L,Oils,Rabat,Supermarket,80,78.9,59.15,Yes,6312,4732.27,1579.72
2025-01-16 00:00:00,ORD-10695,Pasta 500g,Grains,Casablanca,Retail,118,12.95,8.08,No,1528.1,953.87,574.33
2025-08-07 00:00:00,ORD-10696,Apple Juice 1L,Beverages,Casablanca,Retail,91,17.3,9.84,No,1574.3,895.4,678.49
2025-06-01 00:00:00,ORD-10697,UHT Milk 1L,Dairy,Casablanca,Supermarket,86,11.25,7.02,No,967.5,603.99,363.5
2025-10-01 00:00:00,ORD-10698,Apple Juice 1L,Beverages,Casablanca,Retail,79,16.82,10.5,No,1328.78,829.17,499.25
2025-01-09 00:00:00,ORD-10699,UHT Milk 1L,Dairy,Fes,Retail,110,11.06,6.95,No,1216.6,765.04,451.08
2025-09-04 00:00:00,ORD-10700,Olive Oil 1L,Oils,Marrakech,Wholesale,83,75.02,60.14,Yes,6226.66,4991.8,1234.48
2025-05-08 00:00:00,ORD-10701,Olive Oil 500ml,Oils,Marrakech,Wholesale,147,45.5,34.03,Yes,6688.5,5003.01,1685.03
2025-12-13 00:00:00,ORD-10702,Olive Oil 1L,Oils,Marrakech,Retail,82,82.36,58.82,No,6753.52,4823.55,1929.65
2025-08-01 00:00:00,ORD-10703,Olive Oil 1L,Oils,Casablanca,Supermarket,100,80.69,57.07,No,8069,5707.29,2361.28
2025-08-29 00:00:00,ORD-10704,Couscous 1kg,Grains,Casablanca,Online,66,21.12,15.56,Yes,1393.92,1027.05,366.89
2025-09-18 00:00:00,ORD-10705,Canned Tomatoes 400g,Canned Goods,Marrakech,Supermarket,112,9.24,5.21,No,1034.88,583.34,451.67
2025-10-10 00:00:00,ORD-10706,Milk Powder 500g,Dairy,Agadir,Supermarket,103,34.62,25.35,Yes,3565.86,2611.11,955.08
2025-05-10 00:00:00,ORD-10707,Olive Oil 1L,Oils,Casablanca,Retail,126,85.22,60.62,No,10737.72,7638.04,3099.96
2025-07-02 00:00:00,ORD-10708,Olive Oil 500ml,Oils,Casablanca,Retail,44,47.93,32.34,No,2108.92,1422.86,685.88
2025-11-18 00:00:00,ORD-10709,Pasta 500g,Grains,Fes,Retail,110,11.43,7.88,Yes,1257.3,867.12,390.4
2025-08-09 00:00:00,ORD-10710,Olive Oil 1L,Oils,Marrakech,Retail,79,78.74,59.39,No,6220.46,4691.56,1528.98
2025-05-05 00:00:00,ORD-10711,Olive Oil 1L,Oils,Agadir,Supermarket,95,82.48,59.08,No,7835.6,5612.89,2222.29
2025-03-17 00:00:00,ORD-10712,Canned Tomatoes 400g,Canned Goods,Rabat,Wholesale,175,8.96,4.99,No,1568,872.87,694.96
2025-10-01 00:00:00,ORD-10713,Canned Peas 400g,Canned Goods,Marrakech,Supermarket,104,10.89,6.8,Yes,1132.56,707.31,424.92
2025-12-25 00:00:00,ORD-10714,Olive Oil 1L,Oils,Agadir,Supermarket,63,80.33,60.73,No,5060.79,3825.79,1234.86
2025-10-06 00:00:00,ORD-10715,Apple Juice 1L,Beverages,Casablanca,Retail,83,15.17,9.78,Yes,1259.11,811.9,447.17
2025-05-06 00:00:00,ORD-10716,UHT Milk 1L,Dairy,Rabat,Supermarket,154,10.68,6.79,No,1644.72,1046.04,598.85
2025-05-11 00:00:00,ORD-10717,Olive Oil 500ml,Oils,Casablanca,Wholesale,163,46.64,33.89,No,7602.32,5524.22,2078.57
2025-08-05 00:00:00,ORD-10718,Canned Tomatoes 400g,Canned Goods,Rabat,Supermarket,104,8.74,4.97,No,908.96,516.6,392.35
2025-02-09 00:00:00,ORD-10719,Pasta 500g,Grains,Casablanca,Retail,90,12.69,7.83,No,1142.1,704.33,437.73
2025-09-12 00:00:00,ORD-10720,Orange Juice 1L,Beverages,Casablanca,Supermarket,87,18.36,11.44,No,1597.32,995.34,602.19
2025-12-30 00:00:00,ORD-10721,Canned Tomatoes 400g,Canned Goods,Casablanca,Retail,100,9.06,4.91,No,906,491.19,414.93
2025-11-16 00:00:00,ORD-10722,Orange Juice 1L,Beverages,Casablanca,Supermarket,112,18.6,11.1,No,2083.2,1243.37,839.87
2025-06-22 00:00:00,ORD-10723,Apple Juice 1L,Beverages,Agadir,Wholesale,251,17.35,10.16,No,4354.85,2550.63,1803.92
2025-12-06 00:00:00,ORD-10724,Canned Peas 400g,Canned Goods,Rabat,Wholesale,173,12.47,7,No,2157.31,1211.33,945.41
2025-12-13 00:00:00,ORD-10725,Olive Oil 500ml,Oils,Rabat,Wholesale,110,47.41,32.89,No,5215.1,3617.54,1597.31
2025-08-20 00:00:00,ORD-10726,Milk Powder 500g,Dairy,Agadir,Wholesale,146,39.49,25.72,No,5765.54,3755.43,2010.67
2025-04-26 00:00:00,ORD-10727,Couscous 1kg,Grains,Rabat,Retail,51,23.68,14.56,No,1207.68,742.8,465.09
2025-05-12 00:00:00,ORD-10728,Canned Tomatoes 400g,Canned Goods,Agadir,Supermarket,71,8.95,4.95,No,635.45,351.48,283.71
2025-12-22 00:00:00,ORD-10729,Pasta 500g,Grains,Marrakech,Supermarket,92,12.42,7.97,Yes,1142.64,733.24,409.32
2025-06-30 00:00:00,ORD-10730,Olive Oil 1L,Oils,Marrakech,Online,61,74.59,60.53,Yes,4549.99,3692.61,857.49
2025-10-08 00:00:00,ORD-10731,Milk Powder 500g,Dairy,Casablanca,Wholesale,79,34.07,26.83,Yes,2691.53,2119.83,571.36
2025-05-02 00:00:00,ORD-10732,Canned Tomatoes 400g,Canned Goods,Marrakech,Wholesale,205,8.67,5.2,No,1777.35,1065.49,711.96
2025-09-16 00:00:00,ORD-10733,UHT Milk 1L,Dairy,Casablanca,Supermarket,35,11.15,6.9,No,390.25,241.64,148.47
2025-06-23 00:00:00,ORD-10734,Apple Juice 1L,Beverages,Fes,Wholesale,188,17.58,10.18,No,3305.04,1913.18,1392.33
2025-04-30 00:00:00,ORD-10735,Milk Powder 500g,Dairy,Casablanca,Wholesale,166,35.21,27.06,Yes,5844.86,4491.92,1353.72
2025-06-05 00:00:00,ORD-10736,Apple Juice 1L,Beverages,Casablanca,Wholesale,212,16.52,10.5,No,3502.24,2225.5,1276.25
2025-10-28 00:00:00,ORD-10737,Olive Oil 1L,Oils,Marrakech,Wholesale,105,76.19,60.11,Yes,7999.95,6311.21,1688.93
2025-03-15 00:00:00,ORD-10738,Couscous 1kg,Grains,Fes,Wholesale,112,22.21,14.78,Yes,2487.52,1655.24,832.16
2025-05-28 00:00:00,ORD-10739,Milk Powder 500g,Dairy,Agadir,Retail,101,37.89,26.12,No,3826.89,2638.34,1188.52
2025-08-14 00:00:00,ORD-10740,Milk Powder 500g,Dairy,Casablanca,Supermarket,72,35.16,26.02,Yes,2531.52,1873.38,658.35
2025-09-26 00:00:00,ORD-10741,Olive Oil 500ml,Oils,Marrakech,Wholesale,78,43.63,32.72,Yes,3403.14,2551.89,851.33
2025-02-10 00:00:00,ORD-10742,Canned Peas 400g,Canned Goods,Casablanca,Supermarket,128,11.55,7.33,No,1478.4,937.93,540.47
2025-06-16 00:00:00,ORD-10743,Olive Oil 500ml,Oils,Casablanca,Retail,144,45.14,34.47,No,6500.16,4963.93,1536.65
2025-02-18 00:00:00,ORD-10744,Canned Tomatoes 400g,Canned Goods,Agadir,Wholesale,221,8.9,5.03,No,1966.9,1111,855.29
2025-10-24 00:00:00,ORD-10745,Canned Tomatoes 400g,Canned Goods,Casablanca,Wholesale,171,8.79,5.23,No,1503.09,893.92,608.66
2025-10-05 00:00:00,ORD-10746,Olive Oil 500ml,Oils,Rabat,Wholesale,173,48.73,32.72,No,8430.29,5661.29,2769.27
2025-03-30 00:00:00,ORD-10747,Orange Juice 1L,Beverages,Casablanca,Retail,78,17.11,10.82,Yes,1334.58,844.24,490.23
2025-12-16 00:00:00,ORD-10748,Apple Juice 1L,Beverages,Marrakech,Supermarket,99,15.44,9.79,Yes,1528.56,969.07,559.53
2025-01-16 00:00:00,ORD-10749,Olive Oil 500ml,Oils,Fes,Supermarket,126,45.65,33.38,No,5751.9,4205.69,1546.41
2025-09-03 00:00:00,ORD-10750,Olive Oil 1L,Oils,Marrakech,Supermarket,55,75.52,57.23,Yes,4153.6,3147.79,1005.82
2025-02-05 00:00:00,ORD-10751,Milk Powder 500g,Dairy,Marrakech,Online,70,34.62,27.06,Yes,2423.4,1894.09,528.99
2025-04-05 00:00:00,ORD-10752,Apple Juice 1L,Beverages,Agadir,Supermarket,110,16.75,10.23,No,1842.5,1125.36,716.6
2025-11-20 00:00:00,ORD-10753,Couscous 1kg,Grains,Casablanca,Online,63,23.63,14.58,No,1488.69,918.43,570.14
2025-07-21 00:00:00,ORD-10754,Couscous 1kg,Grains,Rabat,Retail,120,24.72,14.99,No,2966.4,1798.2,1168.17
2025-01-12 00:00:00,ORD-10755,Olive Oil 500ml,Oils,Casablanca,Wholesale,219,43.75,32.87,Yes,9581.25,7199.31,2381.89
2025-05-11 00:00:00,ORD-10756,Olive Oil 500ml,Oils,Agadir,Supermarket,76,43.8,32.67,Yes,3328.8,2482.83,845.64
2025-03-20 00:00:00,ORD-10757,Milk Powder 500g,Dairy,Marrakech,Supermarket,124,37.08,27.21,No,4597.92,3373.48,1224.74
2025-11-19 00:00:00,ORD-10758,Orange Juice 1L,Beverages,Casablanca,Wholesale,130,18.49,11.33,No,2403.7,1473.15,930.43
2025-06-15 00:00:00,ORD-10759,Couscous 1kg,Grains,Marrakech,Retail,101,24.1,15.27,No,2434.1,1542.08,891.54
2025-06-08 00:00:00,ORD-10760,UHT Milk 1L,Dairy,Marrakech,Supermarket,141,11.15,7.04,No,1572.15,993.3,578.91
2025-11-21 00:00:00,ORD-10761,Couscous 1kg,Grains,Rabat,Retail,55,24.73,14.91,No,1360.15,820.23,539.79
2025-07-24 00:00:00,ORD-10762,Pasta 500g,Grains,Marrakech,Supermarket,123,12.59,7.87,No,1548.57,968.23,579.75
2025-12-04 00:00:00,ORD-10763,Apple Juice 1L,Beverages,Casablanca,Wholesale,120,15.92,9.72,Yes,1910.4,1165.8,744.57
2025-09-08 00:00:00,ORD-10764,UHT Milk 1L,Dairy,Agadir,Supermarket,83,11.16,7.27,No,926.28,603.11,322.8
2025-09-21 00:00:00,ORD-10765,Canned Peas 400g,Canned Goods,Fes,Retail,80,12.21,7.32,No,976.8,585.79,390.86
2025-03-17 00:00:00,ORD-10766,UHT Milk 1L,Dairy,Casablanca,Retail,144,11.26,7.12,No,1621.44,1024.9,595.99
2025-07-29 00:00:00,ORD-10767,Olive Oil 1L,Oils,Marrakech,Retail,67,82.49,58.46,No,5526.83,3917.09,1609.64
2025-12-25 00:00:00,ORD-10768,UHT Milk 1L,Dairy,Rabat,Online,57,11.05,6.82,No,629.85,388.87,240.97
2025-06-23 00:00:00,ORD-10769,UHT Milk 1L,Dairy,Casablanca,Wholesale,215,10.81,7.15,No,2324.15,1538.32,786.36
2025-06-09 00:00:00,ORD-10770,Canned Tomatoes 400g,Canned Goods,Casablanca,Retail,124,8.69,5.03,No,1077.56,623.37,454.13
2025-04-12 00:00:00,ORD-10771,Pasta 500g,Grains,Marrakech,Retail,99,13.24,8.25,No,1310.76,816.95,494.23
2025-01-30 00:00:00,ORD-10772,Olive Oil 1L,Oils,Casablanca,Retail,73,79.19,56.79,No,5780.87,4145.33,1635.29
2025-06-02 00:00:00,ORD-10773,Canned Tomatoes 400g,Canned Goods,Casablanca,Wholesale,144,8.92,5.17,No,1284.48,744.31,540.44
2025-08-19 00:00:00,ORD-10774,Canned Peas 400g,Canned Goods,Casablanca,Retail,123,11.6,7.03,No,1426.8,865.11,561.45
2025-04-13 00:00:00,ORD-10775,Olive Oil 500ml,Oils,Agadir,Retail,131,46.21,32.55,No,6053.51,4263.49,1789.45
2025-09-15 00:00:00,ORD-10776,Apple Juice 1L,Beverages,Fes,Supermarket,49,16.34,10.12,No,800.66,496.01,304.69
2025-02-15 00:00:00,ORD-10777,Olive Oil 500ml,Oils,Casablanca,Wholesale,168,47.59,34.21,No,7995.12,5746.81,2248.47
2025-12-20 00:00:00,ORD-10778,Canned Tomatoes 400g,Canned Goods,Agadir,Retail,57,9.29,4.92,No,529.53,280.21,249.36
2025-12-27 00:00:00,ORD-10779,UHT Milk 1L,Dairy,Fes,Retail,134,10.71,7.12,No,1435.14,953.69,481.79
2025-11-08 00:00:00,ORD-10780,Milk Powder 500g,Dairy,Rabat,Supermarket,69,39.19,26.35,No,2704.11,1818.49,885.74
2025-02-01 00:00:00,ORD-10781,Olive Oil 500ml,Oils,Marrakech,Online,111,46.14,32.15,Yes,5121.54,3568.85,1552.87
2025-05-07 00:00:00,ORD-10782,Orange Juice 1L,Beverages,Rabat,Supermarket,101,17.88,11.47,No,1805.88,1158.01,647.57
2025-06-13 00:00:00,ORD-10783,Orange Juice 1L,Beverages,Rabat,Retail,98,18.7,11.27,No,1832.6,1104.82,727.34
2025-08-22 00:00:00,ORD-10784,Olive Oil 500ml,Oils,Rabat,Wholesale,217,43.03,32.18,Yes,9337.51,6983.04,2354.78
2025-04-23 00:00:00,ORD-10785,Olive Oil 1L,Oils,Agadir,Wholesale,183,80.84,60.47,No,14793.72,11065.15,3727.81
2025-04-24 00:00:00,ORD-10786,Couscous 1kg,Grains,Casablanca,Online,62,23.34,15.69,No,1447.08,972.95,474.09
2025-11-28 00:00:00,ORD-10787,Canned Tomatoes 400g,Canned Goods,Marrakech,Online,61,9.1,5.17,No,555.1,315.07,240.09
2025-04-23 00:00:00,ORD-10788,Orange Juice 1L,Beverages,Fes,Supermarket,84,18.67,11.52,No,1568.28,967.79,600.9
2025-03-26 00:00:00,ORD-10789,Olive Oil 1L,Oils,Casablanca,Wholesale,178,75.16,58.55,Yes,13378.48,10421.63,2956.05
2025-06-07 00:00:00,ORD-10790,Couscous 1kg,Grains,Rabat,Supermarket,112,24.83,15.11,No,2780.96,1692.77,1088.09
2025-09-07 00:00:00,ORD-10791,Milk Powder 500g,Dairy,Casablanca,Retail,123,38.92,27.04,No,4787.16,3326.14,1460.53
2025-11-04 00:00:00,ORD-10792,Couscous 1kg,Grains,Marrakech,Supermarket,94,24.09,15.42,No,2264.46,1449.36,815.48
2025-11-15 00:00:00,ORD-10793,Olive Oil 1L,Oils,Agadir,Online,26,80.32,59.68,No,2088.32,1551.74,536.52
2025-10-24 00:00:00,ORD-10794,Orange Juice 1L,Beverages,Fes,Wholesale,173,18.27,10.79,No,3160.71,1866.07,1295.43
2025-03-04 00:00:00,ORD-10795,Olive Oil 500ml,Oils,Fes,Retail,110,47.6,33.06,No,5236,3636.14,1599.87
2025-11-22 00:00:00,ORD-10796,Milk Powder 500g,Dairy,Marrakech,Wholesale,158,38.69,26.69,No,6113.02,4216.54,1896.45
2025-10-09 00:00:00,ORD-10797,Orange Juice 1L,Beverages,Rabat,Wholesale,129,17.22,11.13,Yes,2221.38,1435.87,785.11
2025-08-09 00:00:00,ORD-10798,Canned Peas 400g,Canned Goods,Casablanca,Supermarket,139,12.19,7.26,No,1694.41,1009.63,684.52
2025-06-24 00:00:00,ORD-10799,Canned Peas 400g,Canned Goods,Rabat,Retail,118,11.76,7.08,No,1387.68,835.94,551.54
2025-07-09 00:00:00,ORD-10800,Canned Peas 400g,Canned Goods,Marrakech,Supermarket,156,12.05,6.84,No,1879.8,1067.66,811.75
2025-11-28 00:00:00,ORD-10801,Orange Juice 1L,Beverages,Marrakech,Retail,100,17.76,10.91,No,1776,1090.82,685.1
2025-08-23 00:00:00,ORD-10802,UHT Milk 1L,Dairy,Casablanca,Online,51,10.09,7.35,Yes,514.59,374.7,139.63
2025-11-06 00:00:00,ORD-10803,Orange Juice 1L,Beverages,Rabat,Supermarket,73,18.12,11.12,No,1322.76,811.91,510.65
2025-06-12 00:00:00,ORD-10804,UHT Milk 1L,Dairy,Casablanca,Retail,105,11.21,7.17,No,1177.05,752.52,424.14
2025-07-31 00:00:00,ORD-10805,Pasta 500g,Grains,Fes,Wholesale,161,12.06,7.84,Yes,1941.66,1261.67,679.44
2025-06-22 00:00:00,ORD-10806,Olive Oil 500ml,Oils,Rabat,Retail,134,43.83,32.83,Yes,5873.22,4399.56,1473
2025-03-20 00:00:00,ORD-10807,Couscous 1kg,Grains,Fes,Online,43,21.41,15.56,Yes,920.63,669.14,251.47
2025-12-17 00:00:00,ORD-10808,Olive Oil 1L,Oils,Agadir,Retail,95,78.9,59.87,No,7495.5,5687.27,1808.3
2025-04-19 00:00:00,ORD-10809,Olive Oil 500ml,Oils,Fes,Retail,87,45.22,32.38,No,3934.14,2816.65,1117.72
2025-10-13 00:00:00,ORD-10810,Canned Peas 400g,Canned Goods,Casablanca,Online,65,11.8,6.86,No,767,446.22,320.82
2025-09-20 00:00:00,ORD-10811,Apple Juice 1L,Beverages,Rabat,Retail,88,16.24,10.32,Yes,1429.12,908.31,520.44
2025-10-18 00:00:00,ORD-10812,Orange Juice 1L,Beverages,Casablanca,Retail,82,17.72,11.16,No,1453.04,915.46,537.2
2025-06-24 00:00:00,ORD-10813,Olive Oil 500ml,Oils,Fes,Wholesale,171,44.69,32.83,Yes,7641.99,5613.4,2029.06
2025-08-07 00:00:00,ORD-10814,Couscous 1kg,Grains,Casablanca,Retail,68,24.3,15.55,No,1652.4,1057.62,594.7
2025-03-25 00:00:00,ORD-10815,Canned Tomatoes 400g,Canned Goods,Marrakech,Supermarket,93,7.98,5.12,Yes,742.14,475.88,266.02
2025-07-13 00:00:00,ORD-10816,Pasta 500g,Grains,Marrakech,Supermarket,119,12.53,8.04,No,1491.07,956.21,534.56
2025-03-18 00:00:00,ORD-10817,Canned Tomatoes 400g,Canned Goods,Marrakech,Supermarket,93,8.65,4.91,No,804.45,456.84,347.65
2025-12-26 00:00:00,ORD-10818,Milk Powder 500g,Dairy,Casablanca,Wholesale,263,37.35,26.51,No,9823.05,6972.5,2850.79
2025-08-10 00:00:00,ORD-10819,Canned Peas 400g,Canned Goods,Casablanca,Supermarket,84,12.45,6.91,No,1045.8,580.76,465.06
2025-09-05 00:00:00,ORD-10820,Canned Peas 400g,Canned Goods,Casablanca,Supermarket,78,12.04,7.25,No,939.12,565.76,373.18
2025-08-12 00:00:00,ORD-10821,Pasta 500g,Grains,Marrakech,Retail,104,13.47,8.07,No,1400.88,839.21,561.47
2025-08-24 00:00:00,ORD-10822,Olive Oil 500ml,Oils,Fes,Online,61,46.53,33.54,No,2838.33,2046.12,792.5
2025-12-08 00:00:00,ORD-10823,Orange Juice 1L,Beverages,Agadir,Wholesale,105,16.46,10.72,Yes,1728.3,1125.98,602.27
2025-02-22 00:00:00,ORD-10824,Milk Powder 500g,Dairy,Marrakech,Online,85,38.79,26.68,No,3297.15,2268.03,1029.17
2025-12-02 00:00:00,ORD-10825,Olive Oil 1L,Oils,Marrakech,Supermarket,118,79.46,60.66,Yes,9376.28,7158.15,2218.5
2025-06-19 00:00:00,ORD-10826,Apple Juice 1L,Beverages,Agadir,Supermarket,98,17.5,9.82,No,1715,962.49,752.97
2025-09-23 00:00:00,ORD-10827,Olive Oil 500ml,Oils,Agadir,Supermarket,105,45.59,32.06,No,4786.95,3366.77,1419.96
2025-11-30 00:00:00,ORD-10828,Apple Juice 1L,Beverages,Agadir,Online,74,15.67,9.7,Yes,1159.58,718.13,441.37
2025-10-02 00:00:00,ORD-10829,Canned Peas 400g,Canned Goods,Agadir,Retail,79,11.61,6.94,No,917.19,548.18,369.18
2025-06-08 00:00:00,ORD-10830,UHT Milk 1L,Dairy,Casablanca,Retail,141,9.55,6.87,Yes,1346.55,967.98,378.59
2025-08-29 00:00:00,ORD-10831,UHT Milk 1L,Dairy,Fes,Online,69,10.7,7.01,No,738.3,484.02,254
2025-10-30 00:00:00,ORD-10832,Pasta 500g,Grains,Agadir,Retail,52,12.62,8.35,No,656.24,434.09,222.25
2025-01-28 00:00:00,ORD-10833,Olive Oil 1L,Oils,Rabat,Supermarket,75,82.83,57.92,No,6212.25,4343.99,1867.92
2025-11-21 00:00:00,ORD-10834,Olive Oil 1L,Oils,Agadir,Supermarket,91,79.27,56.7,No,7213.57,5160.09,2053.15
2025-09-08 00:00:00,ORD-10835,Orange Juice 1L,Beverages,Casablanca,Supermarket,39,17.38,10.77,No,677.82,420.13,257.52
2025-01-19 00:00:00,ORD-10836,Canned Tomatoes 400g,Canned Goods,Marrakech,Online,33,9.1,4.91,No,300.3,161.89,138.39
2025-07-15 00:00:00,ORD-10837,UHT Milk 1L,Dairy,Rabat,Wholesale,219,11.41,7.34,No,2498.79,1607.17,891.78
2025-01-01 00:00:00,ORD-10838,Olive Oil 500ml,Oils,Casablanca,Retail,72,46.1,34.52,No,3319.2,2485.69,833.66
2025-07-23 00:00:00,ORD-10839,Milk Powder 500g,Dairy,Fes,Retail,93,36.48,25.34,No,3392.64,2356.28,1036.48
2025-07-02 00:00:00,ORD-10840,Pasta 500g,Grains,Fes,Supermarket,73,12.73,7.76,No,929.29,566.73,362.91
2025-12-13 00:00:00,ORD-10841,UHT Milk 1L,Dairy,Rabat,Supermarket,85,10.79,6.97,No,917.15,592.82,324.49
2025-11-02 00:00:00,ORD-10842,Couscous 1kg,Grains,Agadir,Supermarket,77,23.4,14.74,No,1801.8,1134.83,667.24
2025-10-13 00:00:00,ORD-10843,Olive Oil 1L,Oils,Marrakech,Retail,89,80.86,60.52,No,7196.54,5386.41,1810.21
2025-10-26 00:00:00,ORD-10844,Canned Peas 400g,Canned Goods,Fes,Wholesale,81,11.93,6.84,No,966.33,554.39,411.58
2025-07-20 00:00:00,ORD-10845,Milk Powder 500g,Dairy,Rabat,Supermarket,70,38.19,25.93,No,2673.3,1815.06,858.1
2025-03-13 00:00:00,ORD-10846,UHT Milk 1L,Dairy,Agadir,Wholesale,88,10.86,7.18,No,955.68,631.94,324.11
2025-08-30 00:00:00,ORD-10847,Apple Juice 1L,Beverages,Casablanca,Retail,72,17.67,10.27,No,1272.24,739.11,532.93
2025-08-04 00:00:00,ORD-10848,Pasta 500g,Grains,Casablanca,Retail,81,13.32,8.18,No,1078.92,662.8,416.43
2025-09-08 00:00:00,ORD-10849,Olive Oil 500ml,Oils,Fes,Wholesale,141,47.42,34.23,No,6686.22,4826.01,1859.81
2025-03-20 00:00:00,ORD-10850,Olive Oil 500ml,Oils,Rabat,Retail,130,48.08,32.4,No,6250.4,4212.34,2038.54
2025-12-24 00:00:00,ORD-10851,Milk Powder 500g,Dairy,Agadir,Retail,106,35.6,25.82,Yes,3773.6,2737.24,1036.4
2025-12-04 00:00:00,ORD-10852,Olive Oil 1L,Oils,Fes,Supermarket,102,74.32,59.49,Yes,7580.64,6067.74,1512.63
2025-05-18 00:00:00,ORD-10853,Olive Oil 500ml,Oils,Casablanca,Retail,63,45.67,33.36,No,2877.21,2101.41,775.72
2025-08-27 00:00:00,ORD-10854,Olive Oil 500ml,Oils,Casablanca,Supermarket,143,48.53,33.3,No,6939.79,4762.39,2177.95
2025-12-18 00:00:00,ORD-10855,Orange Juice 1L,Beverages,Casablanca,Retail,53,18.24,11.41,No,966.72,604.6,362.27
2025-07-01 00:00:00,ORD-10856,UHT Milk 1L,Dairy,Marrakech,Supermarket,85,10.71,6.84,No,910.35,581.49,328.6
2025-04-04 00:00:00,ORD-10857,Apple Juice 1L,Beverages,Agadir,Retail,105,16.6,10.04,No,1743,1054.57,688.27
2025-04-25 00:00:00,ORD-10858,Pasta 500g,Grains,Agadir,Online,73,11.87,8.33,Yes,866.51,607.82,259.01
2025-06-14 00:00:00,ORD-10859,Olive Oil 500ml,Oils,Rabat,Wholesale,192,45.4,34.12,No,8716.8,6551.97,2164.95
2025-06-21 00:00:00,ORD-10860,Olive Oil 1L,Oils,Rabat,Retail,130,78.89,56.42,No,10255.7,7335.15,2920.47
2025-05-24 00:00:00,ORD-10861,Canned Peas 400g,Canned Goods,Casablanca,Wholesale,244,11.78,7.01,No,2874.32,1709.99,1163.77
2025-06-17 00:00:00,ORD-10862,Olive Oil 1L,Oils,Fes,Retail,100,80.91,60.39,No,8091,6039.32,2052.11
2025-07-02 00:00:00,ORD-10863,Canned Peas 400g,Canned Goods,Agadir,Online,111,11.65,7.15,Yes,1293.15,793.74,499.26
2025-10-06 00:00:00,ORD-10864,Couscous 1kg,Grains,Agadir,Supermarket,67,23.21,15.38,No,1555.07,1030.58,524.54
2025-06-13 00:00:00,ORD-10865,Orange Juice 1L,Beverages,Casablanca,Wholesale,153,18.65,10.8,No,2853.45,1653.07,1200.52
2025-02-20 00:00:00,ORD-10866,Canned Tomatoes 400g,Canned Goods,Marrakech,Retail,148,9.07,4.94,No,1342.36,731.47,611.22
2025-03-29 00:00:00,ORD-10867,Pasta 500g,Grains,Agadir,Supermarket,47,12.49,8.02,Yes,587.03,376.84,210.12
2025-01-25 00:00:00,ORD-10868,Couscous 1kg,Grains,Casablanca,Online,71,24.47,15,No,1737.37,1065.34,672.23
2025-04-07 00:00:00,ORD-10869,Milk Powder 500g,Dairy,Casablanca,Supermarket,138,39.23,27.05,No,5413.74,3733.19,1680.97
2025-05-02 00:00:00,ORD-10870,Milk Powder 500g,Dairy,Casablanca,Retail,131,37.98,26.65,No,4975.38,3491.51,1484.44
2025-11-29 00:00:00,ORD-10871,Canned Peas 400g,Canned Goods,Agadir,Wholesale,180,11.04,7.32,Yes,1987.2,1317.23,669.28
2025-02-07 00:00:00,ORD-10872,UHT Milk 1L,Dairy,Casablanca,Supermarket,105,10.67,7.28,No,1120.35,764.06,356.66
2025-11-26 00:00:00,ORD-10873,Pasta 500g,Grains,Casablanca,Supermarket,69,13.4,7.79,No,924.6,537.72,386.63
2025-04-24 00:00:00,ORD-10874,Apple Juice 1L,Beverages,Fes,Supermarket,130,17.51,9.93,No,2276.3,1291.3,985.12
2025-10-27 00:00:00,ORD-10875,Milk Powder 500g,Dairy,Fes,Online,56,37.01,27.05,No,2072.56,1514.52,557.87
2025-07-09 00:00:00,ORD-10876,Couscous 1kg,Grains,Rabat,Online,57,22.28,14.71,Yes,1269.96,838.47,431.58
2025-05-18 00:00:00,ORD-10877,Canned Tomatoes 400g,Canned Goods,Fes,Wholesale,168,9.23,4.91,No,1550.64,825.63,724.32
2025-04-25 00:00:00,ORD-10878,Couscous 1kg,Grains,Rabat,Retail,144,24.89,14.8,No,3584.16,2131.27,1452.52
2025-06-16 00:00:00,ORD-10879,Canned Tomatoes 400g,Canned Goods,Casablanca,Supermarket,92,9.32,5.06,No,857.44,465.86,391.73
2025-12-06 00:00:00,ORD-10880,Olive Oil 500ml,Oils,Casablanca,Supermarket,89,46.4,33.4,No,4129.6,2972.91,1156.97
2025-09-11 00:00:00,ORD-10881,Canned Tomatoes 400g,Canned Goods,Fes,Supermarket,86,8.28,4.9,Yes,712.08,421.79,290.45
2025-12-05 00:00:00,ORD-10882,Milk Powder 500g,Dairy,Casablanca,Supermarket,103,37.66,26.27,No,3878.98,2706.26,1172.84
2025-11-14 00:00:00,ORD-10883,Pasta 500g,Grains,Agadir,Retail,31,13.35,8.28,No,413.85,256.69,157.21
2025-11-08 00:00:00,ORD-10884,Couscous 1kg,Grains,Rabat,Wholesale,197,24.5,14.9,No,4826.5,2936.16,1890.42
2025-01-20 00:00:00,ORD-10885,Couscous 1kg,Grains,Casablanca,Supermarket,79,23.95,15.42,No,1892.05,1218.07,673.69
2025-10-23 00:00:00,ORD-10886,UHT Milk 1L,Dairy,Fes,Supermarket,122,10.79,7.1,No,1316.38,866.36,450.58
2025-05-29 00:00:00,ORD-10887,Orange Juice 1L,Beverages,Casablanca,Wholesale,287,17.86,11.2,No,5125.82,3215.65,1909.65
2025-10-07 00:00:00,ORD-10888,Apple Juice 1L,Beverages,Marrakech,Supermarket,85,16.66,9.98,No,1416.1,848.14,567.59
2025-09-11 00:00:00,ORD-10889,Canned Peas 400g,Canned Goods,Casablanca,Online,81,12.37,6.93,No,1001.97,561.54,440.67
2025-01-06 00:00:00,ORD-10890,Canned Tomatoes 400g,Canned Goods,Rabat,Online,68,9.25,4.91,No,629,334.16,294.93
2025-04-29 00:00:00,ORD-10891,Orange Juice 1L,Beverages,Rabat,Retail,50,18.12,11.48,No,906,573.75,332.47
2025-01-25 00:00:00,ORD-10892,Pasta 500g,Grains,Marrakech,Online,66,12.15,8.14,Yes,801.9,537.03,265.01
2025-11-21 00:00:00,ORD-10893,UHT Milk 1L,Dairy,Fes,Supermarket,101,10.69,7.05,No,1079.69,712.34,367.51
2025-08-21 00:00:00,ORD-10894,Canned Peas 400g,Canned Goods,Marrakech,Supermarket,84,11.95,6.81,No,1003.8,572.45,431.41
2025-11-26 00:00:00,ORD-10895,Couscous 1kg,Grains,Casablanca,Online,69,21.74,14.88,Yes,1500.06,1026.64,473.61
2025-06-04 00:00:00,ORD-10896,Apple Juice 1L,Beverages,Fes,Supermarket,148,15.42,10.1,Yes,2282.16,1495.47,786.58
2025-12-05 00:00:00,ORD-10897,Canned Peas 400g,Canned Goods,Agadir,Supermarket,107,11.77,7.26,No,1259.39,777.21,482.02
2025-12-18 00:00:00,ORD-10898,Olive Oil 1L,Oils,Marrakech,Wholesale,173,80.3,60.16,No,13891.9,10407.16,3484.09
2025-12-04 00:00:00,ORD-10899,Olive Oil 1L,Oils,Rabat,Retail,52,77.18,58.36,Yes,4013.36,3034.7,978.7
2025-06-22 00:00:00,ORD-10900,Pasta 500g,Grains,Rabat,Online,91,13.08,8.08,No,1190.28,735.38,454.74
2025-08-16 00:00:00,ORD-10901,Canned Tomatoes 400g,Canned Goods,Agadir,Wholesale,130,9.08,5.02,No,1180.4,653.02,526.94
2025-03-25 00:00:00,ORD-10902,Canned Tomatoes 400g,Canned Goods,Casablanca,Wholesale,124,9.23,5.09,No,1144.52,631.25,513.39
2025-08-11 00:00:00,ORD-10903,Canned Peas 400g,Canned Goods,Rabat,Retail,86,11.85,7.08,Yes,1019.1,608.68,410.29
2025-09-04 00:00:00,ORD-10904,Couscous 1kg,Grains,Fes,Retail,56,23.71,14.84,No,1327.76,831.22,496.55
2025-11-24 00:00:00,ORD-10905,Couscous 1kg,Grains,Rabat,Retail,80,21.43,15.43,Yes,1714.4,1234.29,480.23
2025-01-29 00:00:00,ORD-10906,Olive Oil 500ml,Oils,Agadir,Supermarket,112,43.76,33.36,Yes,4901.12,3735.77,1165.84
2025-03-02 00:00:00,ORD-10907,Olive Oil 500ml,Oils,Agadir,Supermarket,90,46.04,32.71,No,4143.6,2944.33,1199.34
2025-08-01 00:00:00,ORD-10908,Orange Juice 1L,Beverages,Casablanca,Supermarket,71,17.45,11.18,Yes,1238.95,794,444.74
2025-05-16 00:00:00,ORD-10909,Couscous 1kg,Grains,Fes,Wholesale,217,24.15,15.5,No,5240.55,3363.71,1877.38
2025-06-14 00:00:00,ORD-10910,Couscous 1kg,Grains,Rabat,Wholesale,205,23.09,15.53,No,4733.45,3184.04,1548.48
2025-08-05 00:00:00,ORD-10911,Couscous 1kg,Grains,Casablanca,Retail,33,22.05,14.92,Yes,727.65,492.48,235.18
2025-09-28 00:00:00,ORD-10912,Canned Tomatoes 400g,Canned Goods,Agadir,Wholesale,120,8.91,5.09,No,1069.2,610.79,458.58
2025-10-14 00:00:00,ORD-10913,Apple Juice 1L,Beverages,Fes,Retail,56,16.5,10.38,No,924,581.26,343
2025-12-08 00:00:00,ORD-10914,Couscous 1kg,Grains,Fes,Wholesale,249,22.74,14.93,Yes,5662.26,3718.77,1943.38
2025-08-22 00:00:00,ORD-10915,UHT Milk 1L,Dairy,Casablanca,Wholesale,156,11.34,6.81,No,1769.04,1062.39,707.38
2025-02-06 00:00:00,ORD-10916,Milk Powder 500g,Dairy,Marrakech,Online,32,37.16,25.95,No,1189.12,830.52,358.5
2025-01-10 00:00:00,ORD-10917,Apple Juice 1L,Beverages,Agadir,Retail,116,16.4,10.41,No,1902.4,1208.01,694.38
2025-11-19 00:00:00,ORD-10918,Orange Juice 1L,Beverages,Casablanca,Supermarket,117,17.1,10.88,Yes,2000.7,1272.49,728.13
2025-04-20 00:00:00,ORD-10919,Canned Tomatoes 400g,Canned Goods,Agadir,Supermarket,69,8.76,5.06,No,604.44,349.32,255.12
2025-08-02 00:00:00,ORD-10920,Canned Tomatoes 400g,Canned Goods,Rabat,Supermarket,117,9.09,5.1,No,1063.53,596.78,467.2
2025-05-20 00:00:00,ORD-10921,Orange Juice 1L,Beverages,Fes,Wholesale,178,17.85,11,No,3177.3,1958.63,1218.09
2025-05-24 00:00:00,ORD-10922,Milk Powder 500g,Dairy,Rabat,Retail,97,35.27,26.42,Yes,3421.19,2562.95,858.08
2025-08-31 00:00:00,ORD-10923,Orange Juice 1L,Beverages,Marrakech,Online,78,16.83,11.2,Yes,1312.74,873.23,439.88
2025-03-21 00:00:00,ORD-10924,Canned Peas 400g,Canned Goods,Casablanca,Retail,69,10.44,6.85,Yes,720.36,472.31,248.11
2025-05-14 00:00:00,ORD-10925,Canned Tomatoes 400g,Canned Goods,Marrakech,Retail,91,8.36,5.21,Yes,760.76,474.47,286.62
2025-06-25 00:00:00,ORD-10926,Milk Powder 500g,Dairy,Rabat,Wholesale,171,37.22,25.31,No,6364.62,4328.26,2036.33
2025-04-08 00:00:00,ORD-10927,UHT Milk 1L,Dairy,Agadir,Wholesale,168,11.29,7.06,No,1896.72,1185.49,711.61
2025-06-27 00:00:00,ORD-10928,Orange Juice 1L,Beverages,Casablanca,Supermarket,107,18.69,11.12,No,1999.83,1190.31,809.2
2025-07-12 00:00:00,ORD-10929,Pasta 500g,Grains,Casablanca,Retail,25,12.88,8.01,No,322,200.15,121.75
2025-07-31 00:00:00,ORD-10930,Canned Tomatoes 400g,Canned Goods,Rabat,Wholesale,159,9.16,5.15,No,1456.44,819.38,636.73
2025-03-30 00:00:00,ORD-10931,Orange Juice 1L,Beverages,Casablanca,Supermarket,117,18.19,11.16,No,2128.23,1305.59,822.62
2025-07-05 00:00:00,ORD-10932,Canned Peas 400g,Canned Goods,Rabat,Retail,104,12.16,7.07,No,1264.64,734.88,529.5
2025-11-05 00:00:00,ORD-10933,Pasta 500g,Grains,Agadir,Wholesale,153,12.92,8.26,No,1976.76,1264.45,712.52
2025-10-05 00:00:00,ORD-10934,Olive Oil 500ml,Oils,Casablanca,Supermarket,68,45.84,33.68,No,3117.12,2290.53,826.79
2025-08-02 00:00:00,ORD-10935,Olive Oil 500ml,Oils,Rabat,Online,57,46.96,32.1,No,2676.72,1829.6,847.24
2025-10-08 00:00:00,ORD-10936,UHT Milk 1L,Dairy,Marrakech,Supermarket,110,11.22,7.07,No,1234.2,777.33,456.36
2025-08-01 00:00:00,ORD-10937,Canned Tomatoes 400g,Canned Goods,Casablanca,Online,61,8.14,5.24,Yes,496.54,319.84,176.91
2025-11-22 00:00:00,ORD-10938,Orange Juice 1L,Beverages,Fes,Online,32,18.15,10.74,No,580.8,343.69,236.98
2025-08-08 00:00:00,ORD-10939,Couscous 1kg,Grains,Casablanca,Supermarket,135,23.75,15.4,No,3206.25,2079.15,1127.4
2025-06-19 00:00:00,ORD-10940,Milk Powder 500g,Dairy,Rabat,Supermarket,125,37.13,25.45,No,4641.25,3181.71,1460
2025-05-02 00:00:00,ORD-10941,Couscous 1kg,Grains,Agadir,Supermarket,124,23.72,15.17,No,2941.28,1881.22,1060.14
2025-09-12 00:00:00,ORD-10942,Olive Oil 1L,Oils,Marrakech,Retail,65,81.59,57.88,No,5303.35,3762.5,1541.02
2025-02-21 00:00:00,ORD-10943,Couscous 1kg,Grains,Marrakech,Supermarket,90,23.25,14.63,No,2092.5,1316.29,776.09
2025-11-17 00:00:00,ORD-10944,Canned Tomatoes 400g,Canned Goods,Casablanca,Wholesale,102,8.95,4.96,No,912.9,505.48,407.05
2025-10-18 00:00:00,ORD-10945,Canned Tomatoes 400g,Canned Goods,Marrakech,Retail,111,7.99,4.9,Yes,886.89,543.85,343.43
2025-10-31 00:00:00,ORD-10946,Apple Juice 1L,Beverages,Rabat,Retail,41,17.04,10.26,No,698.64,420.52,277.99
2025-11-03 00:00:00,ORD-10947,Pasta 500g,Grains,Casablanca,Wholesale,219,13.51,8,No,2958.69,1751.35,1206.65
2025-06-09 00:00:00,ORD-10948,Canned Peas 400g,Canned Goods,Marrakech,Wholesale,244,12.37,6.99,No,3018.28,1704.49,1313.87
2025-01-17 00:00:00,ORD-10949,Canned Tomatoes 400g,Canned Goods,Casablanca,Retail,94,8.94,5.05,No,840.36,475.03,365.57
2025-07-20 00:00:00,ORD-10950,Pasta 500g,Grains,Rabat,Supermarket,108,13.49,7.91,No,1456.92,854.77,602.55
2025-06-01 00:00:00,ORD-10951,Canned Peas 400g,Canned Goods,Marrakech,Wholesale,154,12.39,7.11,No,1908.06,1094.25,813.7
2025-08-24 00:00:00,ORD-10952,Olive Oil 1L,Oils,Casablanca,Wholesale,88,82.63,58.04,No,7271.44,5107.12,2164.64
2025-10-10 00:00:00,ORD-10953,Canned Peas 400g,Canned Goods,Fes,Wholesale,108,12.09,7.33,No,1305.72,791.81,514.08
2025-05-19 00:00:00,ORD-10954,Olive Oil 500ml,Oils,Marrakech,Wholesale,258,47.19,32.97,No,12175.02,8507.02,3667.52
2025-03-30 00:00:00,ORD-10955,Apple Juice 1L,Beverages,Casablanca,Supermarket,127,16.45,10.15,No,2089.15,1289.29,799.92
2025-03-25 00:00:00,ORD-10956,UHT Milk 1L,Dairy,Rabat,Retail,94,10.88,6.93,No,1022.72,651.35,371.19
2025-11-05 00:00:00,ORD-10957,Apple Juice 1L,Beverages,Marrakech,Supermarket,100,16.39,10.48,Yes,1639,1047.51,591.08
2025-01-16 00:00:00,ORD-10958,Apple Juice 1L,Beverages,Casablanca,Wholesale,139,17.13,9.74,No,2381.07,1354.37,1027.11
2025-01-29 00:00:00,ORD-10959,Olive Oil 1L,Oils,Rabat,Supermarket,98,82.12,59.96,No,8047.76,5875.84,2172.14
2025-02-25 00:00:00,ORD-10960,Orange Juice 1L,Beverages,Fes,Retail,135,18.35,11.46,No,2477.25,1547.56,929.71
2025-07-08 00:00:00,ORD-10961,UHT Milk 1L,Dairy,Marrakech,Online,90,10.61,6.79,No,954.9,611.17,343.5
2025-07-29 00:00:00,ORD-10962,UHT Milk 1L,Dairy,Rabat,Online,69,10.77,7.33,No,743.13,505.9,237.52
2025-07-05 00:00:00,ORD-10963,Pasta 500g,Grains,Rabat,Supermarket,86,13.5,7.98,No,1161,685.92,474.99
2025-12-05 00:00:00,ORD-10964,Milk Powder 500g,Dairy,Rabat,Retail,138,36.58,25.22,Yes,5048.04,3480.63,1566.91
2025-08-08 00:00:00,ORD-10965,Couscous 1kg,Grains,Casablanca,Supermarket,101,23.24,15.44,No,2347.24,1559.06,787.89
2025-04-06 00:00:00,ORD-10966,Orange Juice 1L,Beverages,Agadir,Wholesale,149,16.87,11.52,Yes,2513.63,1716.01,797.52
2025-02-26 00:00:00,ORD-10967,Pasta 500g,Grains,Casablanca,Retail,96,12.71,8,No,1220.16,767.64,452.53
2025-12-27 00:00:00,ORD-10968,Milk Powder 500g,Dairy,Rabat,Retail,44,35.36,25.57,Yes,1555.84,1125.29,430.7
2025-11-13 00:00:00,ORD-10969,Olive Oil 1L,Oils,Casablanca,Supermarket,84,83.44,60.66,No,7008.96,5095.09,1913.96
2025-05-08 00:00:00,ORD-10970,Milk Powder 500g,Dairy,Fes,Wholesale,132,38.09,26.88,No,5027.88,3547.77,1480.2
2025-05-25 00:00:00,ORD-10971,Milk Powder 500g,Dairy,Casablanca,Online,109,38.94,26.96,No,4244.46,2939.17,1305.23
2025-05-24 00:00:00,ORD-10972,Canned Peas 400g,Canned Goods,Casablanca,Retail,106,11.78,6.89,No,1248.68,730.49,518.26
2025-12-24 00:00:00,ORD-10973,Pasta 500g,Grains,Casablanca,Retail,67,13.18,7.93,No,883.06,531.22,352.06
2025-08-14 00:00:00,ORD-10974,Milk Powder 500g,Dairy,Casablanca,Supermarket,84,37.26,26.41,No,3129.84,2218.4,911.32
2025-11-07 00:00:00,ORD-10975,Olive Oil 1L,Oils,Casablanca,Supermarket,90,80.93,56.94,No,7283.7,5124.93,2159.12
2025-12-06 00:00:00,ORD-10976,Apple Juice 1L,Beverages,Marrakech,Wholesale,119,17.54,10.01,No,2087.26,1190.73,896.42
2025-06-11 00:00:00,ORD-10977,Canned Tomatoes 400g,Canned Goods,Casablanca,Wholesale,188,8.88,4.97,Yes,1669.44,933.67,736
2025-12-22 00:00:00,ORD-10978,Apple Juice 1L,Beverages,Casablanca,Retail,138,16.93,10.23,No,2336.34,1412.08,924.64
2025-12-08 00:00:00,ORD-10979,Olive Oil 500ml,Oils,Casablanca,Supermarket,70,43.36,32.42,Yes,3035.2,2269.57,765.54
2025-08-08 00:00:00,ORD-10980,Milk Powder 500g,Dairy,Fes,Wholesale,215,38.68,25.93,No,8316.2,5574.03,2742.36
2025-05-08 00:00:00,ORD-10981,Canned Peas 400g,Canned Goods,Fes,Retail,95,12.48,7.11,No,1185.6,675.83,509.7
2025-11-28 00:00:00,ORD-10982,Orange Juice 1L,Beverages,Fes,Online,93,16.38,11.07,Yes,1523.34,1029.08,494.52
2025-03-05 00:00:00,ORD-10983,UHT Milk 1L,Dairy,Fes,Online,63,10.73,7.09,No,675.99,446.63,229.56
2025-06-19 00:00:00,ORD-10984,Olive Oil 1L,Oils,Marrakech,Retail,132,81.07,56.29,No,10701.24,7429.83,3271.55
2025-05-12 00:00:00,ORD-10985,Olive Oil 500ml,Oils,Agadir,Online,61,44.02,32.95,Yes,2685.22,2010.07,675.18
2025-03-24 00:00:00,ORD-10986,Olive Oil 1L,Oils,Casablanca,Supermarket,59,77.36,57.52,Yes,4564.24,3393.49,1170.85
2025-09-10 00:00:00,ORD-10987,UHT Milk 1L,Dairy,Casablanca,Wholesale,108,10.68,7.18,Yes,1153.44,775.21,378.61
2025-02-02 00:00:00,ORD-10988,Pasta 500g,Grains,Casablanca,Supermarket,144,12.9,8.11,No,1857.6,1167.55,689.82
2025-01-18 00:00:00,ORD-10989,Olive Oil 1L,Oils,Rabat,Retail,97,83.04,59.05,No,8054.88,5727.91,2327.1
2025-07-17 00:00:00,ORD-10990,Orange Juice 1L,Beverages,Rabat,Wholesale,98,16.03,10.84,Yes,1570.94,1062.75,508.28
2025-02-27 00:00:00,ORD-10991,UHT Milk 1L,Dairy,Rabat,Wholesale,207,9.88,7.34,Yes,2045.16,1520.14,525.37
2025-12-17 00:00:00,ORD-10992,Pasta 500g,Grains,Casablanca,Supermarket,41,13.29,7.99,No,544.89,327.73,217.3
2025-07-13 00:00:00,ORD-10993,Canned Tomatoes 400g,Canned Goods,Casablanca,Wholesale,190,9.15,5.18,No,1738.5,983.82,754.03
2025-01-11 00:00:00,ORD-10994,Milk Powder 500g,Dairy,Agadir,Online,79,38.31,26.33,No,3026.49,2080.26,945.98
2025-07-06 00:00:00,ORD-10995,UHT Milk 1L,Dairy,Agadir,Retail,111,10.46,7.19,Yes,1161.06,797.93,362.67
2025-05-09 00:00:00,ORD-10996,Olive Oil 1L,Oils,Agadir,Wholesale,222,74.44,57.75,Yes,16525.68,12819.74,3705.61
2025-04-30 00:00:00,ORD-10997,Canned Tomatoes 400g,Canned Goods,Agadir,Retail,132,8.66,4.95,No,1143.12,652.84,489.64
2025-11-05 00:00:00,ORD-10998,Canned Peas 400g,Canned Goods,Fes,Retail,94,12.23,7.19,No,1149.62,676.09,473.55
2025-01-19 00:00:00,ORD-10999,Olive Oil 1L,Oils,Rabat,Supermarket,106,83.95,56.8,No,8898.7,6020.97,2877.84
,,,,,,,,,,,,
